cod_dane_mun,Departamento_ocurrencia,Municipio_ocurrencia,mes,sexo_nombre,grupo_edad,area_nombre,casos
05001,ANTIOQUIA,MEDELLIN,1,Femenino,12–17,Cabecera municipal,22
05001,ANTIOQUIA,MEDELLIN,1,Femenino,18–25,Cabecera municipal,56
05001,ANTIOQUIA,MEDELLIN,1,Femenino,26–35,Cabecera municipal,23
05001,ANTIOQUIA,MEDELLIN,1,Femenino,36–45,Cabecera municipal,15
05001,ANTIOQUIA,MEDELLIN,1,Femenino,46–59,Cabecera municipal,7
05001,ANTIOQUIA,MEDELLIN,1,Masculino,12–17,Cabecera municipal,5
05001,ANTIOQUIA,MEDELLIN,1,Masculino,18–25,Cabecera municipal,25
05001,ANTIOQUIA,MEDELLIN,1,Masculino,26–35,Cabecera municipal,13
05001,ANTIOQUIA,MEDELLIN,1,Masculino,36–45,Cabecera municipal,8
05001,ANTIOQUIA,MEDELLIN,1,Masculino,46–59,Cabecera municipal,7
05001,ANTIOQUIA,MEDELLIN,2,Femenino,12–17,Cabecera municipal,35
05001,ANTIOQUIA,MEDELLIN,2,Femenino,18–25,Cabecera municipal,54
05001,ANTIOQUIA,MEDELLIN,2,Femenino,26–35,Cabecera municipal,34
05001,ANTIOQUIA,MEDELLIN,2,Femenino,36–45,Cabecera municipal,15
05001,ANTIOQUIA,MEDELLIN,2,Femenino,46–59,Cabecera municipal,7
05001,ANTIOQUIA,MEDELLIN,2,Masculino,12–17,Cabecera municipal,8
05001,ANTIOQUIA,MEDELLIN,2,Masculino,18–25,Cabecera municipal,21
05001,ANTIOQUIA,MEDELLIN,2,Masculino,26–35,Cabecera municipal,18
05001,ANTIOQUIA,MEDELLIN,2,Masculino,36–45,Cabecera municipal,9
05001,ANTIOQUIA,MEDELLIN,2,Masculino,46–59,Cabecera municipal,9
05001,ANTIOQUIA,MEDELLIN,2,Masculino,60+,Cabecera municipal,6
05001,ANTIOQUIA,MEDELLIN,3,Femenino,12–17,Cabecera municipal,51
05001,ANTIOQUIA,MEDELLIN,3,Femenino,18–25,Cabecera municipal,53
05001,ANTIOQUIA,MEDELLIN,3,Femenino,26–35,Cabecera municipal,47
05001,ANTIOQUIA,MEDELLIN,3,Femenino,36–45,Cabecera municipal,15
05001,ANTIOQUIA,MEDELLIN,3,Femenino,46–59,Cabecera municipal,5
05001,ANTIOQUIA,MEDELLIN,3,Masculino,12–17,Cabecera municipal,11
05001,ANTIOQUIA,MEDELLIN,3,Masculino,18–25,Cabecera municipal,28
05001,ANTIOQUIA,MEDELLIN,3,Masculino,26–35,Cabecera municipal,24
05001,ANTIOQUIA,MEDELLIN,3,Masculino,36–45,Cabecera municipal,9
05001,ANTIOQUIA,MEDELLIN,3,Masculino,46–59,Cabecera municipal,5
05001,ANTIOQUIA,MEDELLIN,3,Masculino,60+,Cabecera municipal,6
05001,ANTIOQUIA,MEDELLIN,4,Femenino,12–17,Cabecera municipal,58
05001,ANTIOQUIA,MEDELLIN,4,Femenino,18–25,Cabecera municipal,67
05001,ANTIOQUIA,MEDELLIN,4,Femenino,26–35,Cabecera municipal,26
05001,ANTIOQUIA,MEDELLIN,4,Femenino,36–45,Cabecera municipal,20
05001,ANTIOQUIA,MEDELLIN,4,Femenino,46–59,Cabecera municipal,10
05001,ANTIOQUIA,MEDELLIN,4,Masculino,12–17,Cabecera municipal,15
05001,ANTIOQUIA,MEDELLIN,4,Masculino,18–25,Cabecera municipal,36
05001,ANTIOQUIA,MEDELLIN,4,Masculino,26–35,Cabecera municipal,17
05001,ANTIOQUIA,MEDELLIN,4,Masculino,36–45,Cabecera municipal,12
05001,ANTIOQUIA,MEDELLIN,4,Masculino,46–59,Cabecera municipal,7
05001,ANTIOQUIA,MEDELLIN,4,Masculino,60+,Cabecera municipal,5
05001,ANTIOQUIA,MEDELLIN,5,Femenino,12–17,Cabecera municipal,52
05001,ANTIOQUIA,MEDELLIN,5,Femenino,18–25,Cabecera municipal,52
05001,ANTIOQUIA,MEDELLIN,5,Femenino,26–35,Cabecera municipal,36
05001,ANTIOQUIA,MEDELLIN,5,Femenino,36–45,Cabecera municipal,15
05001,ANTIOQUIA,MEDELLIN,5,Masculino,12–17,Cabecera municipal,8
05001,ANTIOQUIA,MEDELLIN,5,Masculino,18–25,Cabecera municipal,21
05001,ANTIOQUIA,MEDELLIN,5,Masculino,26–35,Cabecera municipal,20
05001,ANTIOQUIA,MEDELLIN,5,Masculino,36–45,Cabecera municipal,15
05001,ANTIOQUIA,MEDELLIN,5,Masculino,46–59,Cabecera municipal,8
05001,ANTIOQUIA,MEDELLIN,6,Femenino,12–17,Cabecera municipal,28
05001,ANTIOQUIA,MEDELLIN,6,Femenino,18–25,Cabecera municipal,42
05001,ANTIOQUIA,MEDELLIN,6,Femenino,26–35,Cabecera municipal,31
05001,ANTIOQUIA,MEDELLIN,6,Femenino,36–45,Cabecera municipal,16
05001,ANTIOQUIA,MEDELLIN,6,Masculino,12–17,Cabecera municipal,14
05001,ANTIOQUIA,MEDELLIN,6,Masculino,18–25,Cabecera municipal,19
05001,ANTIOQUIA,MEDELLIN,6,Masculino,26–35,Cabecera municipal,15
05001,ANTIOQUIA,MEDELLIN,6,Masculino,36–45,Cabecera municipal,12
05001,ANTIOQUIA,MEDELLIN,6,Masculino,46–59,Cabecera municipal,6
05001,ANTIOQUIA,MEDELLIN,7,Femenino,12–17,Cabecera municipal,43
05001,ANTIOQUIA,MEDELLIN,7,Femenino,18–25,Cabecera municipal,43
05001,ANTIOQUIA,MEDELLIN,7,Femenino,26–35,Cabecera municipal,28
05001,ANTIOQUIA,MEDELLIN,7,Femenino,36–45,Cabecera municipal,19
05001,ANTIOQUIA,MEDELLIN,7,Femenino,46–59,Cabecera municipal,11
05001,ANTIOQUIA,MEDELLIN,7,Masculino,12–17,Cabecera municipal,7
05001,ANTIOQUIA,MEDELLIN,7,Masculino,18–25,Cabecera municipal,23
05001,ANTIOQUIA,MEDELLIN,7,Masculino,26–35,Cabecera municipal,22
05001,ANTIOQUIA,MEDELLIN,7,Masculino,36–45,Cabecera municipal,12
05001,ANTIOQUIA,MEDELLIN,7,Masculino,46–59,Cabecera municipal,7
05001,ANTIOQUIA,MEDELLIN,8,Femenino,12–17,Cabecera municipal,45
05001,ANTIOQUIA,MEDELLIN,8,Femenino,18–25,Cabecera municipal,47
05001,ANTIOQUIA,MEDELLIN,8,Femenino,26–35,Cabecera municipal,18
05001,ANTIOQUIA,MEDELLIN,8,Femenino,36–45,Cabecera municipal,14
05001,ANTIOQUIA,MEDELLIN,8,Femenino,46–59,Cabecera municipal,6
05001,ANTIOQUIA,MEDELLIN,8,Masculino,12–17,Cabecera municipal,14
05001,ANTIOQUIA,MEDELLIN,8,Masculino,18–25,Cabecera municipal,23
05001,ANTIOQUIA,MEDELLIN,8,Masculino,26–35,Cabecera municipal,25
05001,ANTIOQUIA,MEDELLIN,8,Masculino,36–45,Cabecera municipal,10
05001,ANTIOQUIA,MEDELLIN,8,Masculino,46–59,Cabecera municipal,6
05001,ANTIOQUIA,MEDELLIN,9,Femenino,12–17,Cabecera municipal,51
05001,ANTIOQUIA,MEDELLIN,9,Femenino,18–25,Cabecera municipal,55
05001,ANTIOQUIA,MEDELLIN,9,Femenino,26–35,Cabecera municipal,34
05001,ANTIOQUIA,MEDELLIN,9,Femenino,36–45,Cabecera municipal,25
05001,ANTIOQUIA,MEDELLIN,9,Femenino,46–59,Cabecera municipal,9
05001,ANTIOQUIA,MEDELLIN,9,Masculino,12–17,Cabecera municipal,18
05001,ANTIOQUIA,MEDELLIN,9,Masculino,18–25,Cabecera municipal,36
05001,ANTIOQUIA,MEDELLIN,9,Masculino,26–35,Cabecera municipal,21
05001,ANTIOQUIA,MEDELLIN,9,Masculino,36–45,Cabecera municipal,8
05001,ANTIOQUIA,MEDELLIN,10,Femenino,12–17,Cabecera municipal,42
05001,ANTIOQUIA,MEDELLIN,10,Femenino,18–25,Cabecera municipal,51
05001,ANTIOQUIA,MEDELLIN,10,Femenino,26–35,Cabecera municipal,39
05001,ANTIOQUIA,MEDELLIN,10,Femenino,36–45,Cabecera municipal,12
05001,ANTIOQUIA,MEDELLIN,10,Femenino,46–59,Cabecera municipal,11
05001,ANTIOQUIA,MEDELLIN,10,Femenino,60+,Cabecera municipal,6
05001,ANTIOQUIA,MEDELLIN,10,Masculino,12–17,Cabecera municipal,9
05001,ANTIOQUIA,MEDELLIN,10,Masculino,18–25,Cabecera municipal,15
05001,ANTIOQUIA,MEDELLIN,10,Masculino,26–35,Cabecera municipal,21
05001,ANTIOQUIA,MEDELLIN,10,Masculino,36–45,Cabecera municipal,16
05001,ANTIOQUIA,MEDELLIN,11,Femenino,12–17,Cabecera municipal,29
05001,ANTIOQUIA,MEDELLIN,11,Femenino,18–25,Cabecera municipal,53
05001,ANTIOQUIA,MEDELLIN,11,Femenino,26–35,Cabecera municipal,27
05001,ANTIOQUIA,MEDELLIN,11,Femenino,36–45,Cabecera municipal,17
05001,ANTIOQUIA,MEDELLIN,11,Femenino,46–59,Cabecera municipal,6
05001,ANTIOQUIA,MEDELLIN,11,Masculino,12–17,Cabecera municipal,10
05001,ANTIOQUIA,MEDELLIN,11,Masculino,18–25,Cabecera municipal,27
05001,ANTIOQUIA,MEDELLIN,11,Masculino,26–35,Cabecera municipal,26
05001,ANTIOQUIA,MEDELLIN,11,Masculino,36–45,Cabecera municipal,13
05001,ANTIOQUIA,MEDELLIN,12,Femenino,12–17,Cabecera municipal,22
05001,ANTIOQUIA,MEDELLIN,12,Femenino,18–25,Cabecera municipal,38
05001,ANTIOQUIA,MEDELLIN,12,Femenino,26–35,Cabecera municipal,34
05001,ANTIOQUIA,MEDELLIN,12,Femenino,36–45,Cabecera municipal,18
05001,ANTIOQUIA,MEDELLIN,12,Femenino,46–59,Cabecera municipal,9
05001,ANTIOQUIA,MEDELLIN,12,Masculino,12–17,Cabecera municipal,8
05001,ANTIOQUIA,MEDELLIN,12,Masculino,18–25,Cabecera municipal,19
05001,ANTIOQUIA,MEDELLIN,12,Masculino,26–35,Cabecera municipal,28
05001,ANTIOQUIA,MEDELLIN,12,Masculino,36–45,Cabecera municipal,9
05045,ANTIOQUIA,APARTADO,4,Femenino,18–25,Cabecera municipal,5
05088,ANTIOQUIA,BELLO,1,Femenino,12–17,Cabecera municipal,5
05088,ANTIOQUIA,BELLO,1,Femenino,18–25,Cabecera municipal,6
05088,ANTIOQUIA,BELLO,1,Femenino,26–35,Cabecera municipal,8
05088,ANTIOQUIA,BELLO,1,Masculino,18–25,Cabecera municipal,8
05088,ANTIOQUIA,BELLO,1,Masculino,26–35,Cabecera municipal,9
05088,ANTIOQUIA,BELLO,2,Femenino,12–17,Cabecera municipal,11
05088,ANTIOQUIA,BELLO,2,Femenino,18–25,Cabecera municipal,6
05088,ANTIOQUIA,BELLO,2,Femenino,26–35,Cabecera municipal,7
05088,ANTIOQUIA,BELLO,3,Femenino,12–17,Cabecera municipal,11
05088,ANTIOQUIA,BELLO,3,Femenino,18–25,Cabecera municipal,6
05088,ANTIOQUIA,BELLO,3,Masculino,12–17,Cabecera municipal,6
05088,ANTIOQUIA,BELLO,3,Masculino,18–25,Cabecera municipal,11
05088,ANTIOQUIA,BELLO,3,Masculino,26–35,Cabecera municipal,11
05088,ANTIOQUIA,BELLO,4,Femenino,12–17,Cabecera municipal,7
05088,ANTIOQUIA,BELLO,4,Femenino,18–25,Cabecera municipal,11
05088,ANTIOQUIA,BELLO,4,Femenino,26–35,Cabecera municipal,11
05088,ANTIOQUIA,BELLO,4,Masculino,18–25,Cabecera municipal,10
05088,ANTIOQUIA,BELLO,4,Masculino,26–35,Cabecera municipal,8
05088,ANTIOQUIA,BELLO,5,Femenino,12–17,Cabecera municipal,10
05088,ANTIOQUIA,BELLO,5,Femenino,18–25,Cabecera municipal,8
05088,ANTIOQUIA,BELLO,5,Masculino,18–25,Cabecera municipal,6
05088,ANTIOQUIA,BELLO,5,Masculino,26–35,Cabecera municipal,7
05088,ANTIOQUIA,BELLO,6,Femenino,12–17,Cabecera municipal,5
05088,ANTIOQUIA,BELLO,6,Femenino,18–25,Cabecera municipal,7
05088,ANTIOQUIA,BELLO,6,Femenino,26–35,Cabecera municipal,5
05088,ANTIOQUIA,BELLO,6,Femenino,36–45,Cabecera municipal,6
05088,ANTIOQUIA,BELLO,6,Masculino,18–25,Cabecera municipal,5
05088,ANTIOQUIA,BELLO,7,Femenino,12–17,Cabecera municipal,8
05088,ANTIOQUIA,BELLO,7,Femenino,18–25,Cabecera municipal,11
05088,ANTIOQUIA,BELLO,7,Femenino,26–35,Cabecera municipal,9
05088,ANTIOQUIA,BELLO,7,Masculino,18–25,Cabecera municipal,6
05088,ANTIOQUIA,BELLO,7,Masculino,26–35,Cabecera municipal,7
05088,ANTIOQUIA,BELLO,8,Femenino,12–17,Cabecera municipal,14
05088,ANTIOQUIA,BELLO,8,Femenino,18–25,Cabecera municipal,14
05088,ANTIOQUIA,BELLO,8,Femenino,26–35,Cabecera municipal,8
05088,ANTIOQUIA,BELLO,8,Masculino,18–25,Cabecera municipal,7
05088,ANTIOQUIA,BELLO,9,Femenino,12–17,Cabecera municipal,17
05088,ANTIOQUIA,BELLO,9,Femenino,18–25,Cabecera municipal,15
05088,ANTIOQUIA,BELLO,9,Femenino,36–45,Cabecera municipal,8
05088,ANTIOQUIA,BELLO,9,Masculino,18–25,Cabecera municipal,5
05088,ANTIOQUIA,BELLO,9,Masculino,26–35,Cabecera municipal,7
05088,ANTIOQUIA,BELLO,10,Femenino,12–17,Cabecera municipal,10
05088,ANTIOQUIA,BELLO,10,Femenino,18–25,Cabecera municipal,8
05088,ANTIOQUIA,BELLO,10,Femenino,26–35,Cabecera municipal,10
05088,ANTIOQUIA,BELLO,10,Femenino,36–45,Cabecera municipal,5
05088,ANTIOQUIA,BELLO,11,Femenino,12–17,Cabecera municipal,5
05088,ANTIOQUIA,BELLO,11,Femenino,18–25,Cabecera municipal,6
05088,ANTIOQUIA,BELLO,11,Femenino,36–45,Cabecera municipal,7
05088,ANTIOQUIA,BELLO,11,Masculino,18–25,Cabecera municipal,9
05088,ANTIOQUIA,BELLO,12,Femenino,12–17,Cabecera municipal,7
05088,ANTIOQUIA,BELLO,12,Femenino,18–25,Cabecera municipal,9
05088,ANTIOQUIA,BELLO,12,Femenino,26–35,Cabecera municipal,6
05088,ANTIOQUIA,BELLO,12,Masculino,18–25,Cabecera municipal,5
05154,ANTIOQUIA,CAUCASIA,3,Femenino,18–25,Cabecera municipal,5
05212,ANTIOQUIA,COPACABANA,4,Femenino,12–17,Cabecera municipal,6
05266,ANTIOQUIA,ENVIGADO,4,Femenino,12–17,Cabecera municipal,5
05266,ANTIOQUIA,ENVIGADO,6,Femenino,18–25,Cabecera municipal,6
05266,ANTIOQUIA,ENVIGADO,9,Femenino,26–35,Cabecera municipal,7
05266,ANTIOQUIA,ENVIGADO,10,Femenino,26–35,Cabecera municipal,6
05266,ANTIOQUIA,ENVIGADO,11,Femenino,12–17,Cabecera municipal,5
05266,ANTIOQUIA,ENVIGADO,11,Femenino,18–25,Cabecera municipal,7
05360,ANTIOQUIA,ITAGUI,2,Femenino,12–17,Cabecera municipal,6
05360,ANTIOQUIA,ITAGUI,2,Femenino,18–25,Cabecera municipal,5
05360,ANTIOQUIA,ITAGUI,3,Femenino,12–17,Cabecera municipal,5
05615,ANTIOQUIA,RIONEGRO,6,Femenino,18–25,Cabecera municipal,8
05615,ANTIOQUIA,RIONEGRO,8,Femenino,18–25,Cabecera municipal,6
05615,ANTIOQUIA,RIONEGRO,9,Masculino,26–35,Cabecera municipal,5
08001,ATLANTICO,BARRANQUILLA,1,Femenino,12–17,Cabecera municipal,15
08001,ATLANTICO,BARRANQUILLA,1,Femenino,18–25,Cabecera municipal,7
08001,ATLANTICO,BARRANQUILLA,1,Masculino,18–25,Cabecera municipal,7
08001,ATLANTICO,BARRANQUILLA,2,Femenino,12–17,Cabecera municipal,16
08001,ATLANTICO,BARRANQUILLA,2,Femenino,18–25,Cabecera municipal,12
08001,ATLANTICO,BARRANQUILLA,2,Femenino,26–35,Cabecera municipal,7
08001,ATLANTICO,BARRANQUILLA,2,Femenino,36–45,Cabecera municipal,7
08001,ATLANTICO,BARRANQUILLA,2,Masculino,26–35,Cabecera municipal,5
08001,ATLANTICO,BARRANQUILLA,3,Femenino,12–17,Cabecera municipal,33
08001,ATLANTICO,BARRANQUILLA,3,Femenino,18–25,Cabecera municipal,22
08001,ATLANTICO,BARRANQUILLA,3,Femenino,26–35,Cabecera municipal,20
08001,ATLANTICO,BARRANQUILLA,3,Femenino,36–45,Cabecera municipal,7
08001,ATLANTICO,BARRANQUILLA,3,Masculino,12–17,Cabecera municipal,5
08001,ATLANTICO,BARRANQUILLA,3,Masculino,18–25,Cabecera municipal,9
08001,ATLANTICO,BARRANQUILLA,3,Masculino,26–35,Cabecera municipal,6
08001,ATLANTICO,BARRANQUILLA,4,Femenino,12–17,Cabecera municipal,35
08001,ATLANTICO,BARRANQUILLA,4,Femenino,18–25,Cabecera municipal,13
08001,ATLANTICO,BARRANQUILLA,4,Femenino,26–35,Cabecera municipal,11
08001,ATLANTICO,BARRANQUILLA,4,Masculino,12–17,Cabecera municipal,6
08001,ATLANTICO,BARRANQUILLA,4,Masculino,18–25,Cabecera municipal,10
08001,ATLANTICO,BARRANQUILLA,4,Masculino,26–35,Cabecera municipal,5
08001,ATLANTICO,BARRANQUILLA,4,Masculino,36–45,Cabecera municipal,6
08001,ATLANTICO,BARRANQUILLA,5,Femenino,12–17,Cabecera municipal,32
08001,ATLANTICO,BARRANQUILLA,5,Femenino,18–25,Cabecera municipal,16
08001,ATLANTICO,BARRANQUILLA,5,Femenino,26–35,Cabecera municipal,9
08001,ATLANTICO,BARRANQUILLA,5,Femenino,36–45,Cabecera municipal,7
08001,ATLANTICO,BARRANQUILLA,5,Masculino,18–25,Cabecera municipal,11
08001,ATLANTICO,BARRANQUILLA,5,Masculino,26–35,Cabecera municipal,9
08001,ATLANTICO,BARRANQUILLA,6,Femenino,12–17,Cabecera municipal,13
08001,ATLANTICO,BARRANQUILLA,6,Femenino,18–25,Cabecera municipal,11
08001,ATLANTICO,BARRANQUILLA,6,Masculino,12–17,Cabecera municipal,5
08001,ATLANTICO,BARRANQUILLA,6,Masculino,18–25,Cabecera municipal,9
08001,ATLANTICO,BARRANQUILLA,6,Masculino,26–35,Cabecera municipal,9
08001,ATLANTICO,BARRANQUILLA,7,Femenino,12–17,Cabecera municipal,21
08001,ATLANTICO,BARRANQUILLA,7,Femenino,18–25,Cabecera municipal,16
08001,ATLANTICO,BARRANQUILLA,7,Femenino,26–35,Cabecera municipal,8
08001,ATLANTICO,BARRANQUILLA,7,Femenino,36–45,Cabecera municipal,5
08001,ATLANTICO,BARRANQUILLA,7,Masculino,12–17,Cabecera municipal,8
08001,ATLANTICO,BARRANQUILLA,7,Masculino,18–25,Cabecera municipal,9
08001,ATLANTICO,BARRANQUILLA,7,Masculino,26–35,Cabecera municipal,7
08001,ATLANTICO,BARRANQUILLA,8,Femenino,12–17,Cabecera municipal,25
08001,ATLANTICO,BARRANQUILLA,8,Femenino,18–25,Cabecera municipal,16
08001,ATLANTICO,BARRANQUILLA,8,Femenino,26–35,Cabecera municipal,8
08001,ATLANTICO,BARRANQUILLA,8,Masculino,12–17,Cabecera municipal,9
08001,ATLANTICO,BARRANQUILLA,8,Masculino,18–25,Cabecera municipal,12
08001,ATLANTICO,BARRANQUILLA,8,Masculino,26–35,Cabecera municipal,9
08001,ATLANTICO,BARRANQUILLA,8,Masculino,60+,Cabecera municipal,5
08001,ATLANTICO,BARRANQUILLA,9,Femenino,12–17,Cabecera municipal,38
08001,ATLANTICO,BARRANQUILLA,9,Femenino,18–25,Cabecera municipal,19
08001,ATLANTICO,BARRANQUILLA,9,Femenino,26–35,Cabecera municipal,9
08001,ATLANTICO,BARRANQUILLA,9,Masculino,12–17,Cabecera municipal,6
08001,ATLANTICO,BARRANQUILLA,9,Masculino,18–25,Cabecera municipal,12
08001,ATLANTICO,BARRANQUILLA,9,Masculino,26–35,Cabecera municipal,8
08001,ATLANTICO,BARRANQUILLA,10,Femenino,12–17,Cabecera municipal,12
08001,ATLANTICO,BARRANQUILLA,10,Femenino,18–25,Cabecera municipal,21
08001,ATLANTICO,BARRANQUILLA,10,Femenino,26–35,Cabecera municipal,10
08001,ATLANTICO,BARRANQUILLA,10,Masculino,12–17,Cabecera municipal,9
08001,ATLANTICO,BARRANQUILLA,10,Masculino,18–25,Cabecera municipal,12
08001,ATLANTICO,BARRANQUILLA,10,Masculino,26–35,Cabecera municipal,8
08001,ATLANTICO,BARRANQUILLA,10,Masculino,36–45,Cabecera municipal,5
08001,ATLANTICO,BARRANQUILLA,11,Femenino,12–17,Cabecera municipal,15
08001,ATLANTICO,BARRANQUILLA,11,Femenino,18–25,Cabecera municipal,20
08001,ATLANTICO,BARRANQUILLA,11,Femenino,26–35,Cabecera municipal,8
08001,ATLANTICO,BARRANQUILLA,11,Femenino,36–45,Cabecera municipal,5
08001,ATLANTICO,BARRANQUILLA,11,Masculino,12–17,Cabecera municipal,9
08001,ATLANTICO,BARRANQUILLA,11,Masculino,26–35,Cabecera municipal,8
08001,ATLANTICO,BARRANQUILLA,12,Femenino,12–17,Cabecera municipal,21
08001,ATLANTICO,BARRANQUILLA,12,Femenino,18–25,Cabecera municipal,11
08001,ATLANTICO,BARRANQUILLA,12,Femenino,26–35,Cabecera municipal,9
08001,ATLANTICO,BARRANQUILLA,12,Masculino,18–25,Cabecera municipal,9
08001,ATLANTICO,BARRANQUILLA,12,Masculino,26–35,Cabecera municipal,11
08433,ATLANTICO,MALAMBO,4,Femenino,12–17,Cabecera municipal,7
08433,ATLANTICO,MALAMBO,7,Femenino,12–17,Cabecera municipal,6
08433,ATLANTICO,MALAMBO,8,Femenino,12–17,Cabecera municipal,10
08433,ATLANTICO,MALAMBO,9,Femenino,12–17,Cabecera municipal,9
08638,ATLANTICO,SABANALARGA,5,Femenino,12–17,Cabecera municipal,7
08638,ATLANTICO,SABANALARGA,9,Femenino,12–17,Cabecera municipal,5
08758,ATLANTICO,SOLEDAD,1,Femenino,12–17,Cabecera municipal,12
08758,ATLANTICO,SOLEDAD,1,Femenino,18–25,Cabecera municipal,9
08758,ATLANTICO,SOLEDAD,1,Femenino,26–35,Cabecera municipal,5
08758,ATLANTICO,SOLEDAD,2,Femenino,18–25,Cabecera municipal,11
08758,ATLANTICO,SOLEDAD,3,Femenino,12–17,Cabecera municipal,10
08758,ATLANTICO,SOLEDAD,3,Femenino,18–25,Cabecera municipal,11
08758,ATLANTICO,SOLEDAD,3,Femenino,26–35,Cabecera municipal,7
08758,ATLANTICO,SOLEDAD,3,Masculino,18–25,Cabecera municipal,6
08758,ATLANTICO,SOLEDAD,4,Femenino,12–17,Cabecera municipal,11
08758,ATLANTICO,SOLEDAD,4,Femenino,18–25,Cabecera municipal,7
08758,ATLANTICO,SOLEDAD,4,Femenino,26–35,Cabecera municipal,7
08758,ATLANTICO,SOLEDAD,5,Femenino,12–17,Cabecera municipal,13
08758,ATLANTICO,SOLEDAD,5,Femenino,18–25,Cabecera municipal,6
08758,ATLANTICO,SOLEDAD,5,Femenino,26–35,Cabecera municipal,5
08758,ATLANTICO,SOLEDAD,5,Femenino,36–45,Cabecera municipal,6
08758,ATLANTICO,SOLEDAD,5,Masculino,36–45,Cabecera municipal,5
08758,ATLANTICO,SOLEDAD,6,Femenino,12–17,Cabecera municipal,12
08758,ATLANTICO,SOLEDAD,6,Femenino,18–25,Cabecera municipal,6
08758,ATLANTICO,SOLEDAD,7,Femenino,12–17,Cabecera municipal,11
08758,ATLANTICO,SOLEDAD,7,Femenino,26–35,Cabecera municipal,7
08758,ATLANTICO,SOLEDAD,7,Masculino,18–25,Cabecera municipal,5
08758,ATLANTICO,SOLEDAD,8,Femenino,12–17,Cabecera municipal,13
08758,ATLANTICO,SOLEDAD,8,Femenino,26–35,Cabecera municipal,5
08758,ATLANTICO,SOLEDAD,9,Femenino,12–17,Cabecera municipal,12
08758,ATLANTICO,SOLEDAD,9,Femenino,18–25,Cabecera municipal,8
08758,ATLANTICO,SOLEDAD,10,Femenino,12–17,Cabecera municipal,11
08758,ATLANTICO,SOLEDAD,10,Femenino,18–25,Cabecera municipal,15
08758,ATLANTICO,SOLEDAD,10,Femenino,26–35,Cabecera municipal,8
08758,ATLANTICO,SOLEDAD,10,Masculino,18–25,Cabecera municipal,6
08758,ATLANTICO,SOLEDAD,11,Femenino,12–17,Cabecera municipal,10
08758,ATLANTICO,SOLEDAD,11,Femenino,18–25,Cabecera municipal,8
08758,ATLANTICO,SOLEDAD,11,Femenino,26–35,Cabecera municipal,6
08758,ATLANTICO,SOLEDAD,11,Femenino,36–45,Cabecera municipal,5
08758,ATLANTICO,SOLEDAD,11,Masculino,12–17,Cabecera municipal,5
08758,ATLANTICO,SOLEDAD,12,Femenino,46–59,Cabecera municipal,5
08758,ATLANTICO,SOLEDAD,12,Masculino,18–25,Cabecera municipal,6
11001,BOGOTA,BOGOTA,1,Femenino,12–17,Cabecera municipal,56
11001,BOGOTA,BOGOTA,1,Femenino,18–25,Cabecera municipal,102
11001,BOGOTA,BOGOTA,1,Femenino,26–35,Cabecera municipal,67
11001,BOGOTA,BOGOTA,1,Femenino,36–45,Cabecera municipal,24
11001,BOGOTA,BOGOTA,1,Femenino,46–59,Cabecera municipal,9
11001,BOGOTA,BOGOTA,1,Femenino,60+,Cabecera municipal,6
11001,BOGOTA,BOGOTA,1,Masculino,12–17,Cabecera municipal,17
11001,BOGOTA,BOGOTA,1,Masculino,18–25,Cabecera municipal,61
11001,BOGOTA,BOGOTA,1,Masculino,26–35,Cabecera municipal,38
11001,BOGOTA,BOGOTA,1,Masculino,36–45,Cabecera municipal,20
11001,BOGOTA,BOGOTA,1,Masculino,46–59,Cabecera municipal,7
11001,BOGOTA,BOGOTA,1,Masculino,60+,Cabecera municipal,6
11001,BOGOTA,BOGOTA,2,Femenino,0–11,Cabecera municipal,5
11001,BOGOTA,BOGOTA,2,Femenino,12–17,Cabecera municipal,71
11001,BOGOTA,BOGOTA,2,Femenino,18–25,Cabecera municipal,108
11001,BOGOTA,BOGOTA,2,Femenino,26–35,Cabecera municipal,69
11001,BOGOTA,BOGOTA,2,Femenino,36–45,Cabecera municipal,29
11001,BOGOTA,BOGOTA,2,Femenino,46–59,Cabecera municipal,11
11001,BOGOTA,BOGOTA,2,Femenino,60+,Cabecera municipal,10
11001,BOGOTA,BOGOTA,2,Masculino,12–17,Cabecera municipal,24
11001,BOGOTA,BOGOTA,2,Masculino,18–25,Cabecera municipal,53
11001,BOGOTA,BOGOTA,2,Masculino,26–35,Cabecera municipal,50
11001,BOGOTA,BOGOTA,2,Masculino,36–45,Cabecera municipal,24
11001,BOGOTA,BOGOTA,2,Masculino,46–59,Cabecera municipal,11
11001,BOGOTA,BOGOTA,2,Masculino,60+,Cabecera municipal,8
11001,BOGOTA,BOGOTA,3,Femenino,12–17,Cabecera municipal,75
11001,BOGOTA,BOGOTA,3,Femenino,18–25,Cabecera municipal,116
11001,BOGOTA,BOGOTA,3,Femenino,26–35,Cabecera municipal,62
11001,BOGOTA,BOGOTA,3,Femenino,36–45,Cabecera municipal,39
11001,BOGOTA,BOGOTA,3,Femenino,46–59,Cabecera municipal,14
11001,BOGOTA,BOGOTA,3,Masculino,0–11,Cabecera municipal,7
11001,BOGOTA,BOGOTA,3,Masculino,12–17,Cabecera municipal,24
11001,BOGOTA,BOGOTA,3,Masculino,18–25,Cabecera municipal,57
11001,BOGOTA,BOGOTA,3,Masculino,26–35,Cabecera municipal,51
11001,BOGOTA,BOGOTA,3,Masculino,36–45,Cabecera municipal,30
11001,BOGOTA,BOGOTA,3,Masculino,46–59,Cabecera municipal,18
11001,BOGOTA,BOGOTA,3,Masculino,60+,Cabecera municipal,6
11001,BOGOTA,BOGOTA,4,Femenino,0–11,Cabecera municipal,14
11001,BOGOTA,BOGOTA,4,Femenino,12–17,Cabecera municipal,90
11001,BOGOTA,BOGOTA,4,Femenino,18–25,Cabecera municipal,122
11001,BOGOTA,BOGOTA,4,Femenino,26–35,Cabecera municipal,57
11001,BOGOTA,BOGOTA,4,Femenino,36–45,Cabecera municipal,32
11001,BOGOTA,BOGOTA,4,Femenino,46–59,Cabecera municipal,20
11001,BOGOTA,BOGOTA,4,Femenino,60+,Cabecera municipal,5
11001,BOGOTA,BOGOTA,4,Masculino,0–11,Cabecera municipal,5
11001,BOGOTA,BOGOTA,4,Masculino,12–17,Cabecera municipal,32
11001,BOGOTA,BOGOTA,4,Masculino,18–25,Cabecera municipal,59
11001,BOGOTA,BOGOTA,4,Masculino,26–35,Cabecera municipal,50
11001,BOGOTA,BOGOTA,4,Masculino,36–45,Cabecera municipal,21
11001,BOGOTA,BOGOTA,4,Masculino,46–59,Cabecera municipal,13
11001,BOGOTA,BOGOTA,4,Masculino,60+,Cabecera municipal,7
11001,BOGOTA,BOGOTA,5,Femenino,0–11,Cabecera municipal,7
11001,BOGOTA,BOGOTA,5,Femenino,12–17,Cabecera municipal,105
11001,BOGOTA,BOGOTA,5,Femenino,18–25,Cabecera municipal,129
11001,BOGOTA,BOGOTA,5,Femenino,26–35,Cabecera municipal,76
11001,BOGOTA,BOGOTA,5,Femenino,36–45,Cabecera municipal,41
11001,BOGOTA,BOGOTA,5,Femenino,46–59,Cabecera municipal,17
11001,BOGOTA,BOGOTA,5,Masculino,0–11,Cabecera municipal,7
11001,BOGOTA,BOGOTA,5,Masculino,12–17,Cabecera municipal,30
11001,BOGOTA,BOGOTA,5,Masculino,18–25,Cabecera municipal,56
11001,BOGOTA,BOGOTA,5,Masculino,26–35,Cabecera municipal,63
11001,BOGOTA,BOGOTA,5,Masculino,36–45,Cabecera municipal,30
11001,BOGOTA,BOGOTA,5,Masculino,46–59,Cabecera municipal,14
11001,BOGOTA,BOGOTA,5,Masculino,60+,Cabecera municipal,6
11001,BOGOTA,BOGOTA,6,Femenino,0–11,Cabecera municipal,6
11001,BOGOTA,BOGOTA,6,Femenino,12–17,Cabecera municipal,79
11001,BOGOTA,BOGOTA,6,Femenino,18–25,Cabecera municipal,104
11001,BOGOTA,BOGOTA,6,Femenino,26–35,Cabecera municipal,74
11001,BOGOTA,BOGOTA,6,Femenino,36–45,Cabecera municipal,32
11001,BOGOTA,BOGOTA,6,Femenino,46–59,Cabecera municipal,9
11001,BOGOTA,BOGOTA,6,Masculino,12–17,Cabecera municipal,18
11001,BOGOTA,BOGOTA,6,Masculino,18–25,Cabecera municipal,66
11001,BOGOTA,BOGOTA,6,Masculino,26–35,Cabecera municipal,51
11001,BOGOTA,BOGOTA,6,Masculino,36–45,Cabecera municipal,21
11001,BOGOTA,BOGOTA,6,Masculino,46–59,Cabecera municipal,15
11001,BOGOTA,BOGOTA,7,Femenino,12–17,Cabecera municipal,98
11001,BOGOTA,BOGOTA,7,Femenino,18–25,Cabecera municipal,108
11001,BOGOTA,BOGOTA,7,Femenino,26–35,Cabecera municipal,68
11001,BOGOTA,BOGOTA,7,Femenino,36–45,Cabecera municipal,31
11001,BOGOTA,BOGOTA,7,Femenino,46–59,Cabecera municipal,17
11001,BOGOTA,BOGOTA,7,Masculino,12–17,Cabecera municipal,31
11001,BOGOTA,BOGOTA,7,Masculino,18–25,Cabecera municipal,77
11001,BOGOTA,BOGOTA,7,Masculino,26–35,Cabecera municipal,52
11001,BOGOTA,BOGOTA,7,Masculino,36–45,Cabecera municipal,18
11001,BOGOTA,BOGOTA,7,Masculino,46–59,Cabecera municipal,10
11001,BOGOTA,BOGOTA,8,Femenino,0–11,Cabecera municipal,6
11001,BOGOTA,BOGOTA,8,Femenino,12–17,Cabecera municipal,85
11001,BOGOTA,BOGOTA,8,Femenino,18–25,Cabecera municipal,132
11001,BOGOTA,BOGOTA,8,Femenino,26–35,Cabecera municipal,72
11001,BOGOTA,BOGOTA,8,Femenino,36–45,Cabecera municipal,29
11001,BOGOTA,BOGOTA,8,Femenino,46–59,Cabecera municipal,13
11001,BOGOTA,BOGOTA,8,Femenino,60+,Cabecera municipal,5
11001,BOGOTA,BOGOTA,8,Masculino,0–11,Cabecera municipal,7
11001,BOGOTA,BOGOTA,8,Masculino,12–17,Cabecera municipal,34
11001,BOGOTA,BOGOTA,8,Masculino,18–25,Cabecera municipal,72
11001,BOGOTA,BOGOTA,8,Masculino,26–35,Cabecera municipal,54
11001,BOGOTA,BOGOTA,8,Masculino,36–45,Cabecera municipal,19
11001,BOGOTA,BOGOTA,8,Masculino,46–59,Cabecera municipal,10
11001,BOGOTA,BOGOTA,8,Masculino,60+,Cabecera municipal,10
11001,BOGOTA,BOGOTA,9,Femenino,0–11,Cabecera municipal,5
11001,BOGOTA,BOGOTA,9,Femenino,12–17,Cabecera municipal,95
11001,BOGOTA,BOGOTA,9,Femenino,18–25,Cabecera municipal,102
11001,BOGOTA,BOGOTA,9,Femenino,26–35,Cabecera municipal,70
11001,BOGOTA,BOGOTA,9,Femenino,36–45,Cabecera municipal,28
11001,BOGOTA,BOGOTA,9,Femenino,46–59,Cabecera municipal,17
11001,BOGOTA,BOGOTA,9,Femenino,60+,Cabecera municipal,5
11001,BOGOTA,BOGOTA,9,Masculino,0–11,Cabecera municipal,5
11001,BOGOTA,BOGOTA,9,Masculino,12–17,Cabecera municipal,28
11001,BOGOTA,BOGOTA,9,Masculino,18–25,Cabecera municipal,81
11001,BOGOTA,BOGOTA,9,Masculino,26–35,Cabecera municipal,64
11001,BOGOTA,BOGOTA,9,Masculino,36–45,Cabecera municipal,29
11001,BOGOTA,BOGOTA,9,Masculino,46–59,Cabecera municipal,9
11001,BOGOTA,BOGOTA,9,Masculino,60+,Cabecera municipal,5
11001,BOGOTA,BOGOTA,10,Femenino,0–11,Cabecera municipal,6
11001,BOGOTA,BOGOTA,10,Femenino,12–17,Cabecera municipal,93
11001,BOGOTA,BOGOTA,10,Femenino,18–25,Cabecera municipal,107
11001,BOGOTA,BOGOTA,10,Femenino,26–35,Cabecera municipal,60
11001,BOGOTA,BOGOTA,10,Femenino,36–45,Cabecera municipal,32
11001,BOGOTA,BOGOTA,10,Femenino,46–59,Cabecera municipal,15
11001,BOGOTA,BOGOTA,10,Femenino,60+,Cabecera municipal,8
11001,BOGOTA,BOGOTA,10,Masculino,12–17,Cabecera municipal,29
11001,BOGOTA,BOGOTA,10,Masculino,18–25,Cabecera municipal,74
11001,BOGOTA,BOGOTA,10,Masculino,26–35,Cabecera municipal,49
11001,BOGOTA,BOGOTA,10,Masculino,36–45,Cabecera municipal,19
11001,BOGOTA,BOGOTA,10,Masculino,46–59,Cabecera municipal,8
11001,BOGOTA,BOGOTA,11,Femenino,12–17,Cabecera municipal,75
11001,BOGOTA,BOGOTA,11,Femenino,18–25,Cabecera municipal,125
11001,BOGOTA,BOGOTA,11,Femenino,26–35,Cabecera municipal,60
11001,BOGOTA,BOGOTA,11,Femenino,36–45,Cabecera municipal,24
11001,BOGOTA,BOGOTA,11,Femenino,46–59,Cabecera municipal,14
11001,BOGOTA,BOGOTA,11,Masculino,12–17,Cabecera municipal,30
11001,BOGOTA,BOGOTA,11,Masculino,18–25,Cabecera municipal,50
11001,BOGOTA,BOGOTA,11,Masculino,26–35,Cabecera municipal,36
11001,BOGOTA,BOGOTA,11,Masculino,36–45,Cabecera municipal,16
11001,BOGOTA,BOGOTA,11,Masculino,46–59,Cabecera municipal,10
11001,BOGOTA,BOGOTA,11,Masculino,60+,Cabecera municipal,5
11001,BOGOTA,BOGOTA,12,Femenino,12–17,Cabecera municipal,42
11001,BOGOTA,BOGOTA,12,Femenino,18–25,Cabecera municipal,98
11001,BOGOTA,BOGOTA,12,Femenino,26–35,Cabecera municipal,71
11001,BOGOTA,BOGOTA,12,Femenino,36–45,Cabecera municipal,24
11001,BOGOTA,BOGOTA,12,Femenino,46–59,Cabecera municipal,9
11001,BOGOTA,BOGOTA,12,Femenino,60+,Cabecera municipal,5
11001,BOGOTA,BOGOTA,12,Masculino,12–17,Cabecera municipal,22
11001,BOGOTA,BOGOTA,12,Masculino,18–25,Cabecera municipal,55
11001,BOGOTA,BOGOTA,12,Masculino,26–35,Cabecera municipal,42
11001,BOGOTA,BOGOTA,12,Masculino,36–45,Cabecera municipal,18
11001,BOGOTA,BOGOTA,12,Masculino,46–59,Cabecera municipal,12
11001,BOGOTA,BOGOTA,12,Masculino,60+,Cabecera municipal,5
13001,BOLIVAR,CARTAGENA,1,Femenino,12–17,Cabecera municipal,11
13001,BOLIVAR,CARTAGENA,1,Femenino,18–25,Cabecera municipal,13
13001,BOLIVAR,CARTAGENA,1,Femenino,26–35,Cabecera municipal,6
13001,BOLIVAR,CARTAGENA,1,Masculino,18–25,Cabecera municipal,6
13001,BOLIVAR,CARTAGENA,2,Femenino,12–17,Cabecera municipal,7
13001,BOLIVAR,CARTAGENA,2,Femenino,18–25,Cabecera municipal,10
13001,BOLIVAR,CARTAGENA,2,Femenino,26–35,Cabecera municipal,9
13001,BOLIVAR,CARTAGENA,2,Masculino,18–25,Cabecera municipal,6
13001,BOLIVAR,CARTAGENA,2,Masculino,26–35,Cabecera municipal,5
13001,BOLIVAR,CARTAGENA,3,Femenino,12–17,Cabecera municipal,11
13001,BOLIVAR,CARTAGENA,3,Femenino,18–25,Cabecera municipal,9
13001,BOLIVAR,CARTAGENA,3,Femenino,26–35,Cabecera municipal,5
13001,BOLIVAR,CARTAGENA,3,Masculino,26–35,Cabecera municipal,5
13001,BOLIVAR,CARTAGENA,4,Femenino,12–17,Cabecera municipal,20
13001,BOLIVAR,CARTAGENA,4,Femenino,18–25,Cabecera municipal,17
13001,BOLIVAR,CARTAGENA,4,Masculino,12–17,Cabecera municipal,7
13001,BOLIVAR,CARTAGENA,5,Femenino,12–17,Cabecera municipal,15
13001,BOLIVAR,CARTAGENA,5,Femenino,18–25,Cabecera municipal,13
13001,BOLIVAR,CARTAGENA,5,Masculino,26–35,Cabecera municipal,5
13001,BOLIVAR,CARTAGENA,6,Femenino,12–17,Cabecera municipal,19
13001,BOLIVAR,CARTAGENA,6,Femenino,18–25,Cabecera municipal,8
13001,BOLIVAR,CARTAGENA,7,Femenino,12–17,Cabecera municipal,13
13001,BOLIVAR,CARTAGENA,7,Femenino,26–35,Cabecera municipal,6
13001,BOLIVAR,CARTAGENA,7,Masculino,26–35,Cabecera municipal,5
13001,BOLIVAR,CARTAGENA,8,Femenino,12–17,Cabecera municipal,23
13001,BOLIVAR,CARTAGENA,8,Femenino,18–25,Cabecera municipal,10
13001,BOLIVAR,CARTAGENA,8,Femenino,26–35,Cabecera municipal,5
13001,BOLIVAR,CARTAGENA,8,Masculino,12–17,Cabecera municipal,7
13001,BOLIVAR,CARTAGENA,9,Femenino,12–17,Cabecera municipal,12
13001,BOLIVAR,CARTAGENA,9,Femenino,18–25,Cabecera municipal,8
13001,BOLIVAR,CARTAGENA,9,Masculino,18–25,Cabecera municipal,7
13001,BOLIVAR,CARTAGENA,10,Femenino,12–17,Cabecera municipal,15
13001,BOLIVAR,CARTAGENA,10,Femenino,18–25,Cabecera municipal,12
13001,BOLIVAR,CARTAGENA,11,Femenino,12–17,Cabecera municipal,14
13001,BOLIVAR,CARTAGENA,12,Femenino,12–17,Cabecera municipal,15
13001,BOLIVAR,CARTAGENA,12,Femenino,18–25,Cabecera municipal,7
13001,BOLIVAR,CARTAGENA,12,Masculino,18–25,Cabecera municipal,6
13244,BOLIVAR,EL CARMEN DE BOLIVAR,9,Femenino,12–17,Cabecera municipal,5
13430,BOLIVAR,MAGANGUE,8,Femenino,12–17,Cabecera municipal,5
13654,BOLIVAR,SAN JACINTO,5,Femenino,12–17,Cabecera municipal,5
13654,BOLIVAR,SAN JACINTO,9,Femenino,12–17,Cabecera municipal,5
13836,BOLIVAR,TURBACO,3,Femenino,18–25,Cabecera municipal,5
13836,BOLIVAR,TURBACO,9,Femenino,12–17,Cabecera municipal,5
15001,BOYACA,TUNJA,1,Femenino,12–17,Cabecera municipal,6
15001,BOYACA,TUNJA,1,Femenino,26–35,Cabecera municipal,5
15001,BOYACA,TUNJA,2,Femenino,12–17,Cabecera municipal,5
15001,BOYACA,TUNJA,2,Femenino,18–25,Cabecera municipal,11
15001,BOYACA,TUNJA,2,Masculino,18–25,Cabecera municipal,6
15001,BOYACA,TUNJA,3,Masculino,18–25,Cabecera municipal,5
15001,BOYACA,TUNJA,4,Femenino,12–17,Cabecera municipal,8
15001,BOYACA,TUNJA,4,Femenino,18–25,Cabecera municipal,8
15001,BOYACA,TUNJA,5,Femenino,12–17,Cabecera municipal,5
15001,BOYACA,TUNJA,5,Masculino,26–35,Cabecera municipal,6
15001,BOYACA,TUNJA,6,Femenino,18–25,Cabecera municipal,8
15001,BOYACA,TUNJA,6,Masculino,26–35,Cabecera municipal,10
15001,BOYACA,TUNJA,7,Femenino,12–17,Cabecera municipal,9
15001,BOYACA,TUNJA,8,Femenino,12–17,Cabecera municipal,7
15001,BOYACA,TUNJA,8,Femenino,18–25,Cabecera municipal,7
15001,BOYACA,TUNJA,8,Femenino,26–35,Cabecera municipal,5
15001,BOYACA,TUNJA,9,Femenino,18–25,Cabecera municipal,10
15001,BOYACA,TUNJA,10,Femenino,12–17,Cabecera municipal,8
15001,BOYACA,TUNJA,10,Femenino,18–25,Cabecera municipal,9
15001,BOYACA,TUNJA,11,Femenino,18–25,Cabecera municipal,9
15001,BOYACA,TUNJA,11,Masculino,18–25,Cabecera municipal,5
15759,BOYACA,SOGAMOSO,5,Femenino,12–17,Cabecera municipal,6
15759,BOYACA,SOGAMOSO,6,Femenino,18–25,Cabecera municipal,5
17001,CALDAS,MANIZALES,1,Femenino,18–25,Cabecera municipal,15
17001,CALDAS,MANIZALES,1,Femenino,26–35,Cabecera municipal,5
17001,CALDAS,MANIZALES,1,Masculino,18–25,Cabecera municipal,5
17001,CALDAS,MANIZALES,2,Femenino,12–17,Cabecera municipal,6
17001,CALDAS,MANIZALES,2,Femenino,18–25,Cabecera municipal,13
17001,CALDAS,MANIZALES,2,Femenino,36–45,Cabecera municipal,6
17001,CALDAS,MANIZALES,2,Masculino,26–35,Cabecera municipal,9
17001,CALDAS,MANIZALES,3,Femenino,12–17,Cabecera municipal,9
17001,CALDAS,MANIZALES,3,Femenino,18–25,Cabecera municipal,9
17001,CALDAS,MANIZALES,3,Femenino,26–35,Cabecera municipal,5
17001,CALDAS,MANIZALES,3,Masculino,18–25,Cabecera municipal,5
17001,CALDAS,MANIZALES,3,Masculino,26–35,Cabecera municipal,6
17001,CALDAS,MANIZALES,4,Femenino,12–17,Cabecera municipal,11
17001,CALDAS,MANIZALES,4,Femenino,18–25,Cabecera municipal,11
17001,CALDAS,MANIZALES,4,Femenino,26–35,Cabecera municipal,7
17001,CALDAS,MANIZALES,4,Femenino,36–45,Cabecera municipal,6
17001,CALDAS,MANIZALES,4,Masculino,18–25,Cabecera municipal,7
17001,CALDAS,MANIZALES,4,Masculino,26–35,Cabecera municipal,7
17001,CALDAS,MANIZALES,5,Femenino,12–17,Cabecera municipal,13
17001,CALDAS,MANIZALES,5,Femenino,18–25,Cabecera municipal,9
17001,CALDAS,MANIZALES,5,Femenino,36–45,Cabecera municipal,6
17001,CALDAS,MANIZALES,5,Masculino,18–25,Cabecera municipal,7
17001,CALDAS,MANIZALES,5,Masculino,26–35,Cabecera municipal,6
17001,CALDAS,MANIZALES,6,Femenino,12–17,Cabecera municipal,8
17001,CALDAS,MANIZALES,6,Femenino,18–25,Cabecera municipal,12
17001,CALDAS,MANIZALES,6,Masculino,12–17,Cabecera municipal,5
17001,CALDAS,MANIZALES,6,Masculino,26–35,Cabecera municipal,9
17001,CALDAS,MANIZALES,7,Femenino,12–17,Cabecera municipal,5
17001,CALDAS,MANIZALES,7,Femenino,18–25,Cabecera municipal,7
17001,CALDAS,MANIZALES,7,Femenino,26–35,Cabecera municipal,8
17001,CALDAS,MANIZALES,7,Masculino,18–25,Cabecera municipal,5
17001,CALDAS,MANIZALES,7,Masculino,46–59,Cabecera municipal,5
17001,CALDAS,MANIZALES,8,Femenino,12–17,Cabecera municipal,11
17001,CALDAS,MANIZALES,8,Femenino,18–25,Cabecera municipal,6
17001,CALDAS,MANIZALES,8,Femenino,26–35,Cabecera municipal,10
17001,CALDAS,MANIZALES,8,Femenino,36–45,Cabecera municipal,5
17001,CALDAS,MANIZALES,8,Masculino,18–25,Cabecera municipal,9
17001,CALDAS,MANIZALES,8,Masculino,26–35,Cabecera municipal,5
17001,CALDAS,MANIZALES,9,Femenino,12–17,Cabecera municipal,5
17001,CALDAS,MANIZALES,9,Femenino,18–25,Cabecera municipal,10
17001,CALDAS,MANIZALES,9,Femenino,26–35,Cabecera municipal,8
17001,CALDAS,MANIZALES,9,Masculino,18–25,Cabecera municipal,9
17001,CALDAS,MANIZALES,9,Masculino,26–35,Cabecera municipal,7
17001,CALDAS,MANIZALES,10,Femenino,12–17,Cabecera municipal,5
17001,CALDAS,MANIZALES,10,Femenino,18–25,Cabecera municipal,11
17001,CALDAS,MANIZALES,10,Masculino,18–25,Cabecera municipal,7
17001,CALDAS,MANIZALES,10,Masculino,26–35,Cabecera municipal,5
17001,CALDAS,MANIZALES,11,Femenino,12–17,Cabecera municipal,6
17001,CALDAS,MANIZALES,11,Femenino,18–25,Cabecera municipal,9
17001,CALDAS,MANIZALES,11,Femenino,26–35,Cabecera municipal,8
17001,CALDAS,MANIZALES,12,Femenino,12–17,Cabecera municipal,5
17001,CALDAS,MANIZALES,12,Masculino,18–25,Cabecera municipal,7
17380,CALDAS,LA DORADA,9,Masculino,26–35,Cabecera municipal,5
17380,CALDAS,LA DORADA,12,Femenino,36–45,Cabecera municipal,5
17873,CALDAS,VILLAMARIA,7,Femenino,18–25,Cabecera municipal,5
18001,CAQUETA,FLORENCIA,6,Femenino,18–25,Cabecera municipal,5
18001,CAQUETA,FLORENCIA,9,Femenino,18–25,Cabecera municipal,5
19001,CAUCA,POPAYAN,1,Femenino,26–35,Cabecera municipal,6
19001,CAUCA,POPAYAN,2,Femenino,12–17,Cabecera municipal,5
19001,CAUCA,POPAYAN,2,Femenino,18–25,Cabecera municipal,9
19001,CAUCA,POPAYAN,2,Masculino,18–25,Cabecera municipal,7
19001,CAUCA,POPAYAN,3,Femenino,12–17,Cabecera municipal,9
19001,CAUCA,POPAYAN,3,Femenino,18–25,Cabecera municipal,10
19001,CAUCA,POPAYAN,3,Femenino,26–35,Cabecera municipal,6
19001,CAUCA,POPAYAN,4,Femenino,12–17,Cabecera municipal,7
19001,CAUCA,POPAYAN,4,Femenino,18–25,Cabecera municipal,8
19001,CAUCA,POPAYAN,4,Masculino,18–25,Cabecera municipal,6
19001,CAUCA,POPAYAN,5,Femenino,12–17,Cabecera municipal,6
19001,CAUCA,POPAYAN,5,Femenino,18–25,Cabecera municipal,11
19001,CAUCA,POPAYAN,5,Femenino,26–35,Cabecera municipal,6
19001,CAUCA,POPAYAN,6,Femenino,12–17,Cabecera municipal,8
19001,CAUCA,POPAYAN,7,Femenino,12–17,Cabecera municipal,7
19001,CAUCA,POPAYAN,7,Masculino,26–35,Cabecera municipal,6
19001,CAUCA,POPAYAN,8,Femenino,12–17,Cabecera municipal,6
19001,CAUCA,POPAYAN,9,Femenino,12–17,Cabecera municipal,5
19001,CAUCA,POPAYAN,9,Femenino,18–25,Cabecera municipal,7
19001,CAUCA,POPAYAN,9,Masculino,18–25,Cabecera municipal,5
19001,CAUCA,POPAYAN,10,Femenino,12–17,Cabecera municipal,7
19001,CAUCA,POPAYAN,11,Femenino,18–25,Cabecera municipal,13
19001,CAUCA,POPAYAN,11,Masculino,12–17,Cabecera municipal,5
19001,CAUCA,POPAYAN,11,Masculino,18–25,Cabecera municipal,5
19001,CAUCA,POPAYAN,12,Femenino,18–25,Cabecera municipal,7
19001,CAUCA,POPAYAN,12,Masculino,18–25,Cabecera municipal,5
19517,CAUCA,PAEZ,5,Femenino,12–17,Rural disperso,5
20001,CESAR,VALLEDUPAR,1,Femenino,12–17,Cabecera municipal,6
20001,CESAR,VALLEDUPAR,2,Femenino,18–25,Cabecera municipal,6
20001,CESAR,VALLEDUPAR,3,Femenino,12–17,Cabecera municipal,5
20001,CESAR,VALLEDUPAR,4,Femenino,12–17,Cabecera municipal,8
20001,CESAR,VALLEDUPAR,4,Masculino,18–25,Cabecera municipal,5
20001,CESAR,VALLEDUPAR,5,Femenino,12–17,Cabecera municipal,9
20001,CESAR,VALLEDUPAR,5,Femenino,18–25,Cabecera municipal,8
20001,CESAR,VALLEDUPAR,5,Masculino,18–25,Cabecera municipal,5
20001,CESAR,VALLEDUPAR,6,Femenino,12–17,Cabecera municipal,6
20001,CESAR,VALLEDUPAR,6,Femenino,18–25,Cabecera municipal,7
20001,CESAR,VALLEDUPAR,7,Femenino,12–17,Cabecera municipal,7
20001,CESAR,VALLEDUPAR,8,Femenino,12–17,Cabecera municipal,5
20001,CESAR,VALLEDUPAR,8,Femenino,18–25,Cabecera municipal,5
20001,CESAR,VALLEDUPAR,8,Masculino,18–25,Cabecera municipal,5
20001,CESAR,VALLEDUPAR,10,Femenino,12–17,Cabecera municipal,5
20001,CESAR,VALLEDUPAR,10,Femenino,18–25,Cabecera municipal,6
20001,CESAR,VALLEDUPAR,11,Femenino,18–25,Cabecera municipal,10
20001,CESAR,VALLEDUPAR,12,Femenino,12–17,Cabecera municipal,6
20001,CESAR,VALLEDUPAR,12,Femenino,18–25,Cabecera municipal,5
23001,CORDOBA,MONTERIA,1,Femenino,12–17,Cabecera municipal,7
23001,CORDOBA,MONTERIA,1,Femenino,18–25,Cabecera municipal,9
23001,CORDOBA,MONTERIA,1,Femenino,26–35,Cabecera municipal,6
23001,CORDOBA,MONTERIA,2,Femenino,12–17,Cabecera municipal,8
23001,CORDOBA,MONTERIA,2,Femenino,18–25,Cabecera municipal,7
23001,CORDOBA,MONTERIA,3,Femenino,12–17,Cabecera municipal,10
23001,CORDOBA,MONTERIA,3,Femenino,18–25,Cabecera municipal,11
23001,CORDOBA,MONTERIA,3,Masculino,12–17,Cabecera municipal,5
23001,CORDOBA,MONTERIA,3,Masculino,18–25,Cabecera municipal,5
23001,CORDOBA,MONTERIA,4,Femenino,12–17,Cabecera municipal,14
23001,CORDOBA,MONTERIA,4,Femenino,18–25,Cabecera municipal,8
23001,CORDOBA,MONTERIA,4,Masculino,18–25,Cabecera municipal,5
23001,CORDOBA,MONTERIA,5,Femenino,18–25,Cabecera municipal,14
23001,CORDOBA,MONTERIA,5,Masculino,18–25,Cabecera municipal,5
23001,CORDOBA,MONTERIA,6,Femenino,12–17,Cabecera municipal,10
23001,CORDOBA,MONTERIA,6,Femenino,26–35,Cabecera municipal,6
23001,CORDOBA,MONTERIA,6,Masculino,18–25,Cabecera municipal,5
23001,CORDOBA,MONTERIA,7,Femenino,12–17,Cabecera municipal,13
23001,CORDOBA,MONTERIA,7,Femenino,18–25,Cabecera municipal,7
23001,CORDOBA,MONTERIA,7,Masculino,18–25,Cabecera municipal,5
23001,CORDOBA,MONTERIA,8,Femenino,12–17,Cabecera municipal,15
23001,CORDOBA,MONTERIA,8,Femenino,18–25,Cabecera municipal,11
23001,CORDOBA,MONTERIA,9,Femenino,12–17,Cabecera municipal,13
23001,CORDOBA,MONTERIA,9,Femenino,18–25,Cabecera municipal,5
23001,CORDOBA,MONTERIA,9,Femenino,26–35,Cabecera municipal,7
23001,CORDOBA,MONTERIA,10,Femenino,12–17,Cabecera municipal,9
23001,CORDOBA,MONTERIA,10,Femenino,18–25,Cabecera municipal,6
23001,CORDOBA,MONTERIA,10,Masculino,18–25,Cabecera municipal,6
23001,CORDOBA,MONTERIA,11,Femenino,12–17,Cabecera municipal,9
23001,CORDOBA,MONTERIA,11,Femenino,18–25,Cabecera municipal,5
23001,CORDOBA,MONTERIA,11,Masculino,18–25,Cabecera municipal,5
23001,CORDOBA,MONTERIA,12,Femenino,18–25,Cabecera municipal,7
23807,CORDOBA,TIERRALTA,9,Femenino,12–17,Cabecera municipal,5
25269,CUNDINAMARCA,FACATATIVA,3,Femenino,18–25,Cabecera municipal,5
25269,CUNDINAMARCA,FACATATIVA,4,Femenino,12–17,Cabecera municipal,11
25269,CUNDINAMARCA,FACATATIVA,5,Femenino,12–17,Cabecera municipal,6
25269,CUNDINAMARCA,FACATATIVA,5,Masculino,26–35,Cabecera municipal,5
25269,CUNDINAMARCA,FACATATIVA,6,Femenino,18–25,Cabecera municipal,5
25269,CUNDINAMARCA,FACATATIVA,7,Femenino,12–17,Cabecera municipal,6
25307,CUNDINAMARCA,GIRARDOT,8,Femenino,12–17,Cabecera municipal,5
25513,CUNDINAMARCA,PACHO,4,Femenino,12–17,Centro poblado,5
25754,CUNDINAMARCA,SOACHA,1,Femenino,12–17,Cabecera municipal,5
25754,CUNDINAMARCA,SOACHA,1,Femenino,18–25,Cabecera municipal,11
25754,CUNDINAMARCA,SOACHA,1,Femenino,26–35,Cabecera municipal,8
25754,CUNDINAMARCA,SOACHA,2,Femenino,12–17,Cabecera municipal,7
25754,CUNDINAMARCA,SOACHA,2,Femenino,18–25,Cabecera municipal,15
25754,CUNDINAMARCA,SOACHA,2,Femenino,26–35,Cabecera municipal,11
25754,CUNDINAMARCA,SOACHA,2,Femenino,36–45,Cabecera municipal,8
25754,CUNDINAMARCA,SOACHA,2,Masculino,12–17,Cabecera municipal,7
25754,CUNDINAMARCA,SOACHA,2,Masculino,18–25,Cabecera municipal,6
25754,CUNDINAMARCA,SOACHA,2,Masculino,26–35,Cabecera municipal,9
25754,CUNDINAMARCA,SOACHA,3,Femenino,12–17,Cabecera municipal,12
25754,CUNDINAMARCA,SOACHA,3,Femenino,18–25,Cabecera municipal,16
25754,CUNDINAMARCA,SOACHA,3,Femenino,26–35,Cabecera municipal,5
25754,CUNDINAMARCA,SOACHA,3,Masculino,12–17,Cabecera municipal,5
25754,CUNDINAMARCA,SOACHA,3,Masculino,18–25,Cabecera municipal,7
25754,CUNDINAMARCA,SOACHA,3,Masculino,26–35,Cabecera municipal,5
25754,CUNDINAMARCA,SOACHA,4,Femenino,12–17,Cabecera municipal,10
25754,CUNDINAMARCA,SOACHA,4,Femenino,18–25,Cabecera municipal,9
25754,CUNDINAMARCA,SOACHA,4,Femenino,26–35,Cabecera municipal,8
25754,CUNDINAMARCA,SOACHA,4,Masculino,18–25,Cabecera municipal,6
25754,CUNDINAMARCA,SOACHA,5,Femenino,12–17,Cabecera municipal,15
25754,CUNDINAMARCA,SOACHA,5,Femenino,18–25,Cabecera municipal,12
25754,CUNDINAMARCA,SOACHA,5,Femenino,26–35,Cabecera municipal,8
25754,CUNDINAMARCA,SOACHA,5,Masculino,18–25,Cabecera municipal,13
25754,CUNDINAMARCA,SOACHA,5,Masculino,26–35,Cabecera municipal,7
25754,CUNDINAMARCA,SOACHA,5,Masculino,36–45,Cabecera municipal,5
25754,CUNDINAMARCA,SOACHA,6,Femenino,12–17,Cabecera municipal,11
25754,CUNDINAMARCA,SOACHA,6,Femenino,18–25,Cabecera municipal,6
25754,CUNDINAMARCA,SOACHA,6,Femenino,26–35,Cabecera municipal,7
25754,CUNDINAMARCA,SOACHA,6,Masculino,18–25,Cabecera municipal,9
25754,CUNDINAMARCA,SOACHA,7,Femenino,12–17,Cabecera municipal,10
25754,CUNDINAMARCA,SOACHA,7,Femenino,18–25,Cabecera municipal,14
25754,CUNDINAMARCA,SOACHA,7,Femenino,26–35,Cabecera municipal,8
25754,CUNDINAMARCA,SOACHA,8,Femenino,12–17,Cabecera municipal,16
25754,CUNDINAMARCA,SOACHA,8,Femenino,18–25,Cabecera municipal,9
25754,CUNDINAMARCA,SOACHA,8,Femenino,26–35,Cabecera municipal,13
25754,CUNDINAMARCA,SOACHA,8,Femenino,36–45,Cabecera municipal,5
25754,CUNDINAMARCA,SOACHA,8,Masculino,18–25,Cabecera municipal,10
25754,CUNDINAMARCA,SOACHA,9,Femenino,12–17,Cabecera municipal,9
25754,CUNDINAMARCA,SOACHA,9,Femenino,18–25,Cabecera municipal,11
25754,CUNDINAMARCA,SOACHA,9,Femenino,26–35,Cabecera municipal,7
25754,CUNDINAMARCA,SOACHA,9,Masculino,18–25,Cabecera municipal,5
25754,CUNDINAMARCA,SOACHA,10,Femenino,12–17,Cabecera municipal,14
25754,CUNDINAMARCA,SOACHA,10,Femenino,18–25,Cabecera municipal,16
25754,CUNDINAMARCA,SOACHA,10,Femenino,36–45,Cabecera municipal,7
25754,CUNDINAMARCA,SOACHA,11,Femenino,12–17,Cabecera municipal,10
25754,CUNDINAMARCA,SOACHA,11,Femenino,18–25,Cabecera municipal,13
25754,CUNDINAMARCA,SOACHA,11,Femenino,26–35,Cabecera municipal,10
25754,CUNDINAMARCA,SOACHA,11,Masculino,18–25,Cabecera municipal,5
25754,CUNDINAMARCA,SOACHA,12,Femenino,26–35,Cabecera municipal,7
25754,CUNDINAMARCA,SOACHA,12,Femenino,36–45,Cabecera municipal,7
25754,CUNDINAMARCA,SOACHA,12,Masculino,18–25,Cabecera municipal,6
25754,CUNDINAMARCA,SOACHA,12,Masculino,26–35,Cabecera municipal,5
25899,CUNDINAMARCA,ZIPAQUIRA,4,Femenino,12–17,Cabecera municipal,5
25899,CUNDINAMARCA,ZIPAQUIRA,5,Femenino,12–17,Cabecera municipal,9
25899,CUNDINAMARCA,ZIPAQUIRA,7,Femenino,12–17,Cabecera municipal,5
41001,HUILA,NEIVA,1,Femenino,18–25,Cabecera municipal,6
41001,HUILA,NEIVA,3,Masculino,18–25,Cabecera municipal,6
41001,HUILA,NEIVA,4,Femenino,18–25,Cabecera municipal,8
41001,HUILA,NEIVA,6,Femenino,12–17,Cabecera municipal,7
41001,HUILA,NEIVA,7,Femenino,12–17,Cabecera municipal,6
41001,HUILA,NEIVA,7,Femenino,18–25,Cabecera municipal,5
41001,HUILA,NEIVA,8,Femenino,12–17,Cabecera municipal,5
41001,HUILA,NEIVA,8,Femenino,18–25,Cabecera municipal,5
41001,HUILA,NEIVA,9,Femenino,18–25,Cabecera municipal,6
41001,HUILA,NEIVA,10,Femenino,12–17,Cabecera municipal,5
41298,HUILA,GARZON,4,Femenino,12–17,Cabecera municipal,6
44001,GUAJIRA,RIOHACHA,4,Femenino,12–17,Cabecera municipal,6
44001,GUAJIRA,RIOHACHA,8,Femenino,12–17,Cabecera municipal,6
44001,GUAJIRA,RIOHACHA,9,Femenino,12–17,Cabecera municipal,6
44430,GUAJIRA,MAICAO,3,Femenino,18–25,Cabecera municipal,5
47001,MAGDALENA,SANTA MARTA,1,Femenino,18–25,Cabecera municipal,6
47001,MAGDALENA,SANTA MARTA,1,Masculino,18–25,Cabecera municipal,5
47001,MAGDALENA,SANTA MARTA,2,Femenino,12–17,Cabecera municipal,8
47001,MAGDALENA,SANTA MARTA,2,Femenino,18–25,Cabecera municipal,12
47001,MAGDALENA,SANTA MARTA,2,Masculino,18–25,Cabecera municipal,6
47001,MAGDALENA,SANTA MARTA,3,Femenino,12–17,Cabecera municipal,7
47001,MAGDALENA,SANTA MARTA,3,Femenino,26–35,Cabecera municipal,5
47001,MAGDALENA,SANTA MARTA,4,Femenino,12–17,Cabecera municipal,6
47001,MAGDALENA,SANTA MARTA,4,Femenino,18–25,Cabecera municipal,11
47001,MAGDALENA,SANTA MARTA,4,Femenino,26–35,Cabecera municipal,5
47001,MAGDALENA,SANTA MARTA,5,Femenino,12–17,Cabecera municipal,11
47001,MAGDALENA,SANTA MARTA,5,Femenino,18–25,Cabecera municipal,10
47001,MAGDALENA,SANTA MARTA,5,Femenino,26–35,Cabecera municipal,6
47001,MAGDALENA,SANTA MARTA,5,Masculino,26–35,Cabecera municipal,5
47001,MAGDALENA,SANTA MARTA,6,Femenino,12–17,Cabecera municipal,5
47001,MAGDALENA,SANTA MARTA,6,Femenino,18–25,Cabecera municipal,6
47001,MAGDALENA,SANTA MARTA,6,Masculino,18–25,Cabecera municipal,5
47001,MAGDALENA,SANTA MARTA,7,Femenino,12–17,Cabecera municipal,7
47001,MAGDALENA,SANTA MARTA,7,Femenino,18–25,Cabecera municipal,7
47001,MAGDALENA,SANTA MARTA,7,Femenino,46–59,Cabecera municipal,5
47001,MAGDALENA,SANTA MARTA,8,Femenino,12–17,Cabecera municipal,6
47001,MAGDALENA,SANTA MARTA,8,Femenino,18–25,Cabecera municipal,8
47001,MAGDALENA,SANTA MARTA,8,Masculino,18–25,Cabecera municipal,5
47001,MAGDALENA,SANTA MARTA,9,Femenino,12–17,Cabecera municipal,12
47001,MAGDALENA,SANTA MARTA,9,Femenino,18–25,Cabecera municipal,10
47001,MAGDALENA,SANTA MARTA,9,Masculino,18–25,Cabecera municipal,5
47001,MAGDALENA,SANTA MARTA,10,Femenino,12–17,Cabecera municipal,7
47001,MAGDALENA,SANTA MARTA,10,Femenino,18–25,Cabecera municipal,8
47001,MAGDALENA,SANTA MARTA,11,Femenino,12–17,Cabecera municipal,6
47001,MAGDALENA,SANTA MARTA,11,Femenino,18–25,Cabecera municipal,6
47001,MAGDALENA,SANTA MARTA,12,Masculino,18–25,Cabecera municipal,5
47189,MAGDALENA,CIENAGA,4,Femenino,12–17,Cabecera municipal,5
50001,META,VILLAVICENCIO,2,Femenino,12–17,Cabecera municipal,6
50001,META,VILLAVICENCIO,2,Femenino,18–25,Cabecera municipal,8
50001,META,VILLAVICENCIO,3,Femenino,12–17,Cabecera municipal,6
50001,META,VILLAVICENCIO,3,Femenino,18–25,Cabecera municipal,5
50001,META,VILLAVICENCIO,4,Femenino,12–17,Cabecera municipal,6
50001,META,VILLAVICENCIO,4,Femenino,18–25,Cabecera municipal,6
50001,META,VILLAVICENCIO,4,Femenino,26–35,Cabecera municipal,7
50001,META,VILLAVICENCIO,5,Femenino,18–25,Cabecera municipal,11
50001,META,VILLAVICENCIO,5,Masculino,18–25,Cabecera municipal,7
50001,META,VILLAVICENCIO,6,Femenino,18–25,Cabecera municipal,5
50001,META,VILLAVICENCIO,7,Femenino,12–17,Cabecera municipal,6
50001,META,VILLAVICENCIO,7,Femenino,18–25,Cabecera municipal,5
50001,META,VILLAVICENCIO,7,Femenino,26–35,Cabecera municipal,7
50001,META,VILLAVICENCIO,7,Femenino,36–45,Cabecera municipal,5
50001,META,VILLAVICENCIO,7,Masculino,12–17,Cabecera municipal,5
50001,META,VILLAVICENCIO,7,Masculino,36–45,Cabecera municipal,6
50001,META,VILLAVICENCIO,8,Femenino,12–17,Cabecera municipal,7
50001,META,VILLAVICENCIO,8,Femenino,18–25,Cabecera municipal,9
50001,META,VILLAVICENCIO,8,Masculino,12–17,Cabecera municipal,5
50001,META,VILLAVICENCIO,9,Femenino,18–25,Cabecera municipal,8
50001,META,VILLAVICENCIO,9,Femenino,26–35,Cabecera municipal,8
50001,META,VILLAVICENCIO,9,Femenino,36–45,Cabecera municipal,5
50001,META,VILLAVICENCIO,9,Masculino,12–17,Cabecera municipal,5
50001,META,VILLAVICENCIO,10,Femenino,12–17,Cabecera municipal,7
50001,META,VILLAVICENCIO,11,Femenino,18–25,Cabecera municipal,8
50001,META,VILLAVICENCIO,11,Masculino,18–25,Cabecera municipal,5
50001,META,VILLAVICENCIO,12,Femenino,18–25,Cabecera municipal,7
50001,META,VILLAVICENCIO,12,Femenino,26–35,Cabecera municipal,6
52001,NARIÑO,PASTO,1,Femenino,12–17,Cabecera municipal,5
52001,NARIÑO,PASTO,1,Femenino,18–25,Cabecera municipal,5
52001,NARIÑO,PASTO,1,Masculino,18–25,Cabecera municipal,6
52001,NARIÑO,PASTO,1,Masculino,26–35,Cabecera municipal,7
52001,NARIÑO,PASTO,2,Femenino,12–17,Cabecera municipal,5
52001,NARIÑO,PASTO,2,Femenino,18–25,Cabecera municipal,11
52001,NARIÑO,PASTO,2,Femenino,26–35,Cabecera municipal,11
52001,NARIÑO,PASTO,2,Masculino,18–25,Cabecera municipal,5
52001,NARIÑO,PASTO,2,Masculino,26–35,Cabecera municipal,7
52001,NARIÑO,PASTO,2,Masculino,36–45,Cabecera municipal,5
52001,NARIÑO,PASTO,3,Femenino,12–17,Cabecera municipal,7
52001,NARIÑO,PASTO,3,Femenino,18–25,Cabecera municipal,8
52001,NARIÑO,PASTO,3,Femenino,26–35,Cabecera municipal,10
52001,NARIÑO,PASTO,3,Masculino,26–35,Cabecera municipal,6
52001,NARIÑO,PASTO,4,Femenino,12–17,Cabecera municipal,10
52001,NARIÑO,PASTO,4,Femenino,18–25,Cabecera municipal,6
52001,NARIÑO,PASTO,4,Masculino,12–17,Cabecera municipal,6
52001,NARIÑO,PASTO,4,Masculino,18–25,Cabecera municipal,7
52001,NARIÑO,PASTO,5,Femenino,12–17,Cabecera municipal,8
52001,NARIÑO,PASTO,5,Femenino,18–25,Cabecera municipal,24
52001,NARIÑO,PASTO,5,Femenino,26–35,Cabecera municipal,14
52001,NARIÑO,PASTO,5,Femenino,36–45,Cabecera municipal,5
52001,NARIÑO,PASTO,5,Masculino,26–35,Cabecera municipal,8
52001,NARIÑO,PASTO,6,Femenino,12–17,Cabecera municipal,11
52001,NARIÑO,PASTO,6,Femenino,18–25,Cabecera municipal,9
52001,NARIÑO,PASTO,6,Femenino,26–35,Cabecera municipal,6
52001,NARIÑO,PASTO,6,Masculino,12–17,Cabecera municipal,6
52001,NARIÑO,PASTO,6,Masculino,18–25,Cabecera municipal,8
52001,NARIÑO,PASTO,6,Masculino,26–35,Cabecera municipal,7
52001,NARIÑO,PASTO,7,Femenino,12–17,Cabecera municipal,7
52001,NARIÑO,PASTO,7,Femenino,18–25,Cabecera municipal,6
52001,NARIÑO,PASTO,7,Femenino,26–35,Cabecera municipal,7
52001,NARIÑO,PASTO,7,Masculino,18–25,Cabecera municipal,6
52001,NARIÑO,PASTO,7,Masculino,26–35,Cabecera municipal,7
52001,NARIÑO,PASTO,8,Femenino,12–17,Cabecera municipal,6
52001,NARIÑO,PASTO,8,Femenino,18–25,Cabecera municipal,12
52001,NARIÑO,PASTO,8,Masculino,12–17,Cabecera municipal,6
52001,NARIÑO,PASTO,8,Masculino,18–25,Cabecera municipal,12
52001,NARIÑO,PASTO,8,Masculino,26–35,Cabecera municipal,5
52001,NARIÑO,PASTO,9,Femenino,12–17,Cabecera municipal,9
52001,NARIÑO,PASTO,9,Femenino,18–25,Cabecera municipal,12
52001,NARIÑO,PASTO,9,Femenino,26–35,Cabecera municipal,9
52001,NARIÑO,PASTO,9,Masculino,18–25,Cabecera municipal,16
52001,NARIÑO,PASTO,10,Femenino,12–17,Cabecera municipal,8
52001,NARIÑO,PASTO,10,Femenino,18–25,Cabecera municipal,15
52001,NARIÑO,PASTO,10,Femenino,26–35,Cabecera municipal,9
52001,NARIÑO,PASTO,10,Masculino,18–25,Cabecera municipal,6
52001,NARIÑO,PASTO,10,Masculino,26–35,Cabecera municipal,8
52001,NARIÑO,PASTO,11,Femenino,12–17,Cabecera municipal,12
52001,NARIÑO,PASTO,11,Femenino,18–25,Cabecera municipal,8
52001,NARIÑO,PASTO,11,Femenino,26–35,Cabecera municipal,7
52001,NARIÑO,PASTO,11,Masculino,18–25,Cabecera municipal,9
52001,NARIÑO,PASTO,11,Masculino,26–35,Cabecera municipal,7
52001,NARIÑO,PASTO,12,Femenino,18–25,Cabecera municipal,6
52001,NARIÑO,PASTO,12,Femenino,26–35,Cabecera municipal,8
52001,NARIÑO,PASTO,12,Femenino,36–45,Cabecera municipal,5
52001,NARIÑO,PASTO,12,Masculino,18–25,Cabecera municipal,7
52001,NARIÑO,PASTO,12,Masculino,26–35,Cabecera municipal,7
52356,NARIÑO,IPIALES,9,Femenino,18–25,Cabecera municipal,6
54001,NORTE SANTANDER,CUCUTA,1,Femenino,12–17,Cabecera municipal,9
54001,NORTE SANTANDER,CUCUTA,1,Femenino,18–25,Cabecera municipal,10
54001,NORTE SANTANDER,CUCUTA,2,Femenino,12–17,Cabecera municipal,5
54001,NORTE SANTANDER,CUCUTA,2,Femenino,18–25,Cabecera municipal,9
54001,NORTE SANTANDER,CUCUTA,3,Femenino,12–17,Cabecera municipal,6
54001,NORTE SANTANDER,CUCUTA,3,Femenino,18–25,Cabecera municipal,9
54001,NORTE SANTANDER,CUCUTA,4,Femenino,12–17,Cabecera municipal,9
54001,NORTE SANTANDER,CUCUTA,4,Femenino,18–25,Cabecera municipal,10
54001,NORTE SANTANDER,CUCUTA,4,Femenino,26–35,Cabecera municipal,7
54001,NORTE SANTANDER,CUCUTA,4,Masculino,18–25,Cabecera municipal,6
54001,NORTE SANTANDER,CUCUTA,4,Masculino,36–45,Cabecera municipal,5
54001,NORTE SANTANDER,CUCUTA,5,Femenino,12–17,Cabecera municipal,19
54001,NORTE SANTANDER,CUCUTA,5,Femenino,18–25,Cabecera municipal,11
54001,NORTE SANTANDER,CUCUTA,5,Femenino,26–35,Cabecera municipal,5
54001,NORTE SANTANDER,CUCUTA,5,Masculino,12–17,Cabecera municipal,6
54001,NORTE SANTANDER,CUCUTA,6,Femenino,12–17,Cabecera municipal,13
54001,NORTE SANTANDER,CUCUTA,6,Femenino,18–25,Cabecera municipal,6
54001,NORTE SANTANDER,CUCUTA,7,Femenino,12–17,Cabecera municipal,17
54001,NORTE SANTANDER,CUCUTA,7,Femenino,18–25,Cabecera municipal,7
54001,NORTE SANTANDER,CUCUTA,7,Femenino,26–35,Cabecera municipal,5
54001,NORTE SANTANDER,CUCUTA,7,Masculino,18–25,Cabecera municipal,5
54001,NORTE SANTANDER,CUCUTA,8,Femenino,12–17,Cabecera municipal,16
54001,NORTE SANTANDER,CUCUTA,8,Femenino,18–25,Cabecera municipal,14
54001,NORTE SANTANDER,CUCUTA,8,Femenino,26–35,Cabecera municipal,13
54001,NORTE SANTANDER,CUCUTA,8,Masculino,18–25,Cabecera municipal,5
54001,NORTE SANTANDER,CUCUTA,9,Femenino,12–17,Cabecera municipal,15
54001,NORTE SANTANDER,CUCUTA,9,Femenino,36–45,Cabecera municipal,5
54001,NORTE SANTANDER,CUCUTA,9,Masculino,12–17,Cabecera municipal,6
54001,NORTE SANTANDER,CUCUTA,9,Masculino,18–25,Cabecera municipal,5
54001,NORTE SANTANDER,CUCUTA,9,Masculino,36–45,Cabecera municipal,5
54001,NORTE SANTANDER,CUCUTA,10,Femenino,12–17,Cabecera municipal,13
54001,NORTE SANTANDER,CUCUTA,10,Femenino,18–25,Cabecera municipal,17
54001,NORTE SANTANDER,CUCUTA,10,Femenino,26–35,Cabecera municipal,5
54001,NORTE SANTANDER,CUCUTA,10,Masculino,12–17,Cabecera municipal,10
54001,NORTE SANTANDER,CUCUTA,10,Masculino,18–25,Cabecera municipal,10
54001,NORTE SANTANDER,CUCUTA,11,Femenino,12–17,Cabecera municipal,13
54001,NORTE SANTANDER,CUCUTA,11,Femenino,18–25,Cabecera municipal,13
54001,NORTE SANTANDER,CUCUTA,11,Femenino,26–35,Cabecera municipal,8
54001,NORTE SANTANDER,CUCUTA,11,Masculino,18–25,Cabecera municipal,11
54001,NORTE SANTANDER,CUCUTA,11,Masculino,26–35,Cabecera municipal,5
54001,NORTE SANTANDER,CUCUTA,11,Masculino,36–45,Cabecera municipal,6
54001,NORTE SANTANDER,CUCUTA,12,Femenino,12–17,Cabecera municipal,9
54001,NORTE SANTANDER,CUCUTA,12,Femenino,18–25,Cabecera municipal,9
54001,NORTE SANTANDER,CUCUTA,12,Femenino,26–35,Cabecera municipal,8
54001,NORTE SANTANDER,CUCUTA,12,Masculino,12–17,Cabecera municipal,5
54001,NORTE SANTANDER,CUCUTA,12,Masculino,26–35,Cabecera municipal,6
54405,NORTE SANTANDER,LOS PATIOS,5,Femenino,12–17,Cabecera municipal,5
54405,NORTE SANTANDER,LOS PATIOS,12,Femenino,12–17,Cabecera municipal,5
54498,NORTE SANTANDER,OCAÑA,3,Femenino,12–17,Cabecera municipal,5
54498,NORTE SANTANDER,OCAÑA,3,Femenino,18–25,Cabecera municipal,6
54498,NORTE SANTANDER,OCAÑA,3,Femenino,26–35,Cabecera municipal,5
54498,NORTE SANTANDER,OCAÑA,10,Femenino,12–17,Cabecera municipal,7
54874,NORTE SANTANDER,VILLA DEL ROSARIO,11,Femenino,18–25,Cabecera municipal,5
63001,QUINDIO,ARMENIA,1,Masculino,26–35,Cabecera municipal,6
63001,QUINDIO,ARMENIA,2,Femenino,12–17,Cabecera municipal,6
63001,QUINDIO,ARMENIA,4,Femenino,18–25,Cabecera municipal,7
63001,QUINDIO,ARMENIA,6,Femenino,18–25,Cabecera municipal,5
63001,QUINDIO,ARMENIA,7,Femenino,18–25,Cabecera municipal,6
63001,QUINDIO,ARMENIA,8,Femenino,18–25,Cabecera municipal,7
63001,QUINDIO,ARMENIA,9,Femenino,12–17,Cabecera municipal,7
63001,QUINDIO,ARMENIA,9,Femenino,18–25,Cabecera municipal,5
63001,QUINDIO,ARMENIA,10,Femenino,12–17,Cabecera municipal,6
63001,QUINDIO,ARMENIA,10,Femenino,18–25,Cabecera municipal,6
63001,QUINDIO,ARMENIA,11,Femenino,12–17,Cabecera municipal,6
63001,QUINDIO,ARMENIA,11,Femenino,18–25,Cabecera municipal,5
63001,QUINDIO,ARMENIA,11,Masculino,18–25,Cabecera municipal,5
66001,RISARALDA,PEREIRA,1,Femenino,12–17,Cabecera municipal,5
66001,RISARALDA,PEREIRA,1,Femenino,18–25,Cabecera municipal,7
66001,RISARALDA,PEREIRA,1,Femenino,18–25,Centro poblado,7
66001,RISARALDA,PEREIRA,2,Femenino,12–17,Cabecera municipal,6
66001,RISARALDA,PEREIRA,2,Femenino,18–25,Cabecera municipal,6
66001,RISARALDA,PEREIRA,2,Femenino,26–35,Cabecera municipal,6
66001,RISARALDA,PEREIRA,3,Femenino,12–17,Centro poblado,12
66001,RISARALDA,PEREIRA,3,Femenino,18–25,Cabecera municipal,6
66001,RISARALDA,PEREIRA,4,Femenino,12–17,Centro poblado,9
66001,RISARALDA,PEREIRA,4,Femenino,18–25,Cabecera municipal,12
66001,RISARALDA,PEREIRA,4,Femenino,18–25,Centro poblado,5
66001,RISARALDA,PEREIRA,5,Femenino,12–17,Centro poblado,11
66001,RISARALDA,PEREIRA,5,Masculino,18–25,Cabecera municipal,5
66001,RISARALDA,PEREIRA,6,Femenino,12–17,Centro poblado,6
66001,RISARALDA,PEREIRA,6,Femenino,26–35,Cabecera municipal,6
66001,RISARALDA,PEREIRA,6,Masculino,18–25,Cabecera municipal,5
66001,RISARALDA,PEREIRA,7,Femenino,12–17,Cabecera municipal,5
66001,RISARALDA,PEREIRA,7,Femenino,12–17,Centro poblado,9
66001,RISARALDA,PEREIRA,7,Femenino,18–25,Cabecera municipal,6
66001,RISARALDA,PEREIRA,7,Femenino,26–35,Cabecera municipal,5
66001,RISARALDA,PEREIRA,7,Masculino,18–25,Cabecera municipal,5
66001,RISARALDA,PEREIRA,8,Femenino,12–17,Cabecera municipal,10
66001,RISARALDA,PEREIRA,8,Femenino,12–17,Centro poblado,8
66001,RISARALDA,PEREIRA,8,Femenino,18–25,Cabecera municipal,11
66001,RISARALDA,PEREIRA,8,Femenino,18–25,Centro poblado,5
66001,RISARALDA,PEREIRA,9,Femenino,12–17,Cabecera municipal,8
66001,RISARALDA,PEREIRA,9,Femenino,12–17,Centro poblado,5
66001,RISARALDA,PEREIRA,9,Femenino,18–25,Cabecera municipal,6
66001,RISARALDA,PEREIRA,9,Masculino,12–17,Cabecera municipal,6
66001,RISARALDA,PEREIRA,10,Femenino,12–17,Cabecera municipal,11
66001,RISARALDA,PEREIRA,10,Femenino,12–17,Centro poblado,6
66001,RISARALDA,PEREIRA,10,Femenino,18–25,Cabecera municipal,13
66001,RISARALDA,PEREIRA,10,Masculino,12–17,Cabecera municipal,5
66001,RISARALDA,PEREIRA,11,Femenino,12–17,Cabecera municipal,5
66001,RISARALDA,PEREIRA,11,Femenino,18–25,Cabecera municipal,9
66001,RISARALDA,PEREIRA,11,Femenino,36–45,Cabecera municipal,5
66001,RISARALDA,PEREIRA,12,Femenino,12–17,Cabecera municipal,7
66001,RISARALDA,PEREIRA,12,Femenino,18–25,Cabecera municipal,8
66001,RISARALDA,PEREIRA,12,Femenino,26–35,Cabecera municipal,6
66001,RISARALDA,PEREIRA,12,Masculino,26–35,Cabecera municipal,6
66170,RISARALDA,DOSQUEBRADAS,1,Masculino,18–25,Cabecera municipal,8
66170,RISARALDA,DOSQUEBRADAS,2,Femenino,12–17,Cabecera municipal,5
66170,RISARALDA,DOSQUEBRADAS,2,Masculino,26–35,Cabecera municipal,6
66170,RISARALDA,DOSQUEBRADAS,3,Femenino,12–17,Cabecera municipal,9
66170,RISARALDA,DOSQUEBRADAS,3,Femenino,26–35,Cabecera municipal,6
66170,RISARALDA,DOSQUEBRADAS,4,Femenino,12–17,Cabecera municipal,8
66170,RISARALDA,DOSQUEBRADAS,4,Femenino,12–17,Centro poblado,5
66170,RISARALDA,DOSQUEBRADAS,4,Femenino,18–25,Cabecera municipal,8
66170,RISARALDA,DOSQUEBRADAS,5,Femenino,12–17,Cabecera municipal,8
66170,RISARALDA,DOSQUEBRADAS,5,Femenino,18–25,Cabecera municipal,5
66170,RISARALDA,DOSQUEBRADAS,5,Femenino,26–35,Cabecera municipal,5
66170,RISARALDA,DOSQUEBRADAS,5,Masculino,26–35,Cabecera municipal,6
66170,RISARALDA,DOSQUEBRADAS,7,Femenino,12–17,Cabecera municipal,8
66170,RISARALDA,DOSQUEBRADAS,7,Femenino,18–25,Cabecera municipal,9
66170,RISARALDA,DOSQUEBRADAS,7,Femenino,26–35,Cabecera municipal,8
66170,RISARALDA,DOSQUEBRADAS,8,Femenino,12–17,Cabecera municipal,12
66170,RISARALDA,DOSQUEBRADAS,8,Femenino,18–25,Cabecera municipal,5
66170,RISARALDA,DOSQUEBRADAS,8,Femenino,26–35,Cabecera municipal,7
66170,RISARALDA,DOSQUEBRADAS,8,Masculino,26–35,Cabecera municipal,6
66170,RISARALDA,DOSQUEBRADAS,9,Femenino,12–17,Cabecera municipal,8
66170,RISARALDA,DOSQUEBRADAS,9,Masculino,36–45,Cabecera municipal,5
66170,RISARALDA,DOSQUEBRADAS,10,Femenino,12–17,Cabecera municipal,8
66170,RISARALDA,DOSQUEBRADAS,10,Femenino,18–25,Cabecera municipal,9
66170,RISARALDA,DOSQUEBRADAS,10,Femenino,26–35,Cabecera municipal,6
66170,RISARALDA,DOSQUEBRADAS,10,Masculino,12–17,Cabecera municipal,5
66170,RISARALDA,DOSQUEBRADAS,10,Masculino,18–25,Cabecera municipal,6
66170,RISARALDA,DOSQUEBRADAS,11,Femenino,12–17,Cabecera municipal,5
68001,SANTANDER,BUCARAMANGA,1,Femenino,12–17,Cabecera municipal,5
68001,SANTANDER,BUCARAMANGA,1,Femenino,18–25,Cabecera municipal,6
68001,SANTANDER,BUCARAMANGA,1,Femenino,26–35,Cabecera municipal,6
68001,SANTANDER,BUCARAMANGA,1,Masculino,18–25,Cabecera municipal,6
68001,SANTANDER,BUCARAMANGA,1,Masculino,26–35,Cabecera municipal,6
68001,SANTANDER,BUCARAMANGA,2,Femenino,12–17,Cabecera municipal,5
68001,SANTANDER,BUCARAMANGA,2,Femenino,18–25,Cabecera municipal,8
68001,SANTANDER,BUCARAMANGA,2,Femenino,26–35,Cabecera municipal,5
68001,SANTANDER,BUCARAMANGA,2,Masculino,18–25,Cabecera municipal,6
68001,SANTANDER,BUCARAMANGA,2,Masculino,26–35,Cabecera municipal,5
68001,SANTANDER,BUCARAMANGA,3,Femenino,12–17,Cabecera municipal,16
68001,SANTANDER,BUCARAMANGA,3,Femenino,18–25,Cabecera municipal,13
68001,SANTANDER,BUCARAMANGA,3,Femenino,36–45,Cabecera municipal,5
68001,SANTANDER,BUCARAMANGA,3,Masculino,12–17,Cabecera municipal,6
68001,SANTANDER,BUCARAMANGA,3,Masculino,18–25,Cabecera municipal,11
68001,SANTANDER,BUCARAMANGA,3,Masculino,36–45,Cabecera municipal,5
68001,SANTANDER,BUCARAMANGA,4,Femenino,12–17,Cabecera municipal,7
68001,SANTANDER,BUCARAMANGA,4,Femenino,18–25,Cabecera municipal,8
68001,SANTANDER,BUCARAMANGA,4,Femenino,26–35,Cabecera municipal,5
68001,SANTANDER,BUCARAMANGA,4,Masculino,12–17,Cabecera municipal,5
68001,SANTANDER,BUCARAMANGA,4,Masculino,26–35,Cabecera municipal,9
68001,SANTANDER,BUCARAMANGA,5,Femenino,12–17,Cabecera municipal,15
68001,SANTANDER,BUCARAMANGA,5,Femenino,18–25,Cabecera municipal,11
68001,SANTANDER,BUCARAMANGA,5,Masculino,26–35,Cabecera municipal,5
68001,SANTANDER,BUCARAMANGA,5,Masculino,36–45,Cabecera municipal,9
68001,SANTANDER,BUCARAMANGA,6,Femenino,12–17,Cabecera municipal,11
68001,SANTANDER,BUCARAMANGA,6,Femenino,18–25,Cabecera municipal,10
68001,SANTANDER,BUCARAMANGA,6,Femenino,26–35,Cabecera municipal,10
68001,SANTANDER,BUCARAMANGA,6,Masculino,12–17,Cabecera municipal,7
68001,SANTANDER,BUCARAMANGA,6,Masculino,18–25,Cabecera municipal,9
68001,SANTANDER,BUCARAMANGA,6,Masculino,36–45,Cabecera municipal,7
68001,SANTANDER,BUCARAMANGA,7,Femenino,12–17,Cabecera municipal,7
68001,SANTANDER,BUCARAMANGA,7,Femenino,18–25,Cabecera municipal,5
68001,SANTANDER,BUCARAMANGA,7,Masculino,12–17,Cabecera municipal,5
68001,SANTANDER,BUCARAMANGA,7,Masculino,18–25,Cabecera municipal,7
68001,SANTANDER,BUCARAMANGA,7,Masculino,26–35,Cabecera municipal,5
68001,SANTANDER,BUCARAMANGA,8,Femenino,12–17,Cabecera municipal,14
68001,SANTANDER,BUCARAMANGA,8,Femenino,18–25,Cabecera municipal,6
68001,SANTANDER,BUCARAMANGA,8,Masculino,12–17,Cabecera municipal,6
68001,SANTANDER,BUCARAMANGA,8,Masculino,36–45,Cabecera municipal,5
68001,SANTANDER,BUCARAMANGA,9,Femenino,12–17,Cabecera municipal,12
68001,SANTANDER,BUCARAMANGA,9,Femenino,18–25,Cabecera municipal,13
68001,SANTANDER,BUCARAMANGA,9,Femenino,26–35,Cabecera municipal,13
68001,SANTANDER,BUCARAMANGA,9,Masculino,12–17,Cabecera municipal,5
68001,SANTANDER,BUCARAMANGA,9,Masculino,18–25,Cabecera municipal,8
68001,SANTANDER,BUCARAMANGA,9,Masculino,26–35,Cabecera municipal,7
68001,SANTANDER,BUCARAMANGA,10,Femenino,12–17,Cabecera municipal,11
68001,SANTANDER,BUCARAMANGA,10,Femenino,18–25,Cabecera municipal,10
68001,SANTANDER,BUCARAMANGA,10,Masculino,12–17,Cabecera municipal,6
68001,SANTANDER,BUCARAMANGA,10,Masculino,18–25,Cabecera municipal,12
68001,SANTANDER,BUCARAMANGA,11,Femenino,12–17,Cabecera municipal,11
68001,SANTANDER,BUCARAMANGA,11,Femenino,18–25,Cabecera municipal,5
68001,SANTANDER,BUCARAMANGA,11,Masculino,18–25,Cabecera municipal,7
68001,SANTANDER,BUCARAMANGA,11,Masculino,26–35,Cabecera municipal,7
68001,SANTANDER,BUCARAMANGA,11,Masculino,46–59,Cabecera municipal,5
68001,SANTANDER,BUCARAMANGA,12,Femenino,18–25,Cabecera municipal,5
68081,SANTANDER,BARRANCABERMEJA,1,Femenino,12–17,Cabecera municipal,5
68081,SANTANDER,BARRANCABERMEJA,2,Femenino,12–17,Cabecera municipal,5
68081,SANTANDER,BARRANCABERMEJA,4,Femenino,12–17,Cabecera municipal,13
68081,SANTANDER,BARRANCABERMEJA,4,Femenino,18–25,Cabecera municipal,7
68081,SANTANDER,BARRANCABERMEJA,5,Femenino,12–17,Cabecera municipal,7
68081,SANTANDER,BARRANCABERMEJA,5,Femenino,26–35,Cabecera municipal,6
68081,SANTANDER,BARRANCABERMEJA,5,Masculino,26–35,Cabecera municipal,5
68081,SANTANDER,BARRANCABERMEJA,6,Femenino,12–17,Cabecera municipal,10
68081,SANTANDER,BARRANCABERMEJA,6,Masculino,26–35,Cabecera municipal,5
68081,SANTANDER,BARRANCABERMEJA,8,Femenino,12–17,Cabecera municipal,11
68081,SANTANDER,BARRANCABERMEJA,9,Femenino,12–17,Cabecera municipal,6
68081,SANTANDER,BARRANCABERMEJA,11,Femenino,12–17,Cabecera municipal,6
68276,SANTANDER,FLORIDABLANCA,2,Femenino,12–17,Cabecera municipal,8
68276,SANTANDER,FLORIDABLANCA,2,Femenino,18–25,Cabecera municipal,6
68276,SANTANDER,FLORIDABLANCA,3,Femenino,12–17,Cabecera municipal,5
68276,SANTANDER,FLORIDABLANCA,4,Femenino,12–17,Cabecera municipal,6
68276,SANTANDER,FLORIDABLANCA,5,Femenino,12–17,Cabecera municipal,5
68276,SANTANDER,FLORIDABLANCA,6,Femenino,12–17,Cabecera municipal,5
68276,SANTANDER,FLORIDABLANCA,7,Femenino,12–17,Cabecera municipal,5
68276,SANTANDER,FLORIDABLANCA,8,Femenino,12–17,Cabecera municipal,6
68276,SANTANDER,FLORIDABLANCA,9,Femenino,12–17,Cabecera municipal,6
68276,SANTANDER,FLORIDABLANCA,9,Femenino,18–25,Cabecera municipal,5
68276,SANTANDER,FLORIDABLANCA,10,Femenino,18–25,Cabecera municipal,7
68276,SANTANDER,FLORIDABLANCA,12,Femenino,12–17,Cabecera municipal,6
68307,SANTANDER,GIRON,6,Femenino,12–17,Cabecera municipal,5
68307,SANTANDER,GIRON,9,Masculino,18–25,Cabecera municipal,6
68547,SANTANDER,PIEDECUESTA,8,Masculino,18–25,Cabecera municipal,5
68547,SANTANDER,PIEDECUESTA,10,Femenino,18–25,Cabecera municipal,5
70001,SUCRE,SINCELEJO,2,Femenino,12–17,Cabecera municipal,8
70001,SUCRE,SINCELEJO,3,Femenino,12–17,Cabecera municipal,11
70001,SUCRE,SINCELEJO,3,Femenino,18–25,Cabecera municipal,8
70001,SUCRE,SINCELEJO,4,Femenino,12–17,Cabecera municipal,6
70001,SUCRE,SINCELEJO,5,Femenino,12–17,Cabecera municipal,9
70001,SUCRE,SINCELEJO,7,Femenino,12–17,Cabecera municipal,6
70001,SUCRE,SINCELEJO,7,Femenino,18–25,Cabecera municipal,5
70001,SUCRE,SINCELEJO,9,Femenino,12–17,Cabecera municipal,16
70001,SUCRE,SINCELEJO,10,Femenino,12–17,Cabecera municipal,7
70001,SUCRE,SINCELEJO,10,Femenino,26–35,Cabecera municipal,5
70001,SUCRE,SINCELEJO,11,Femenino,18–25,Cabecera municipal,5
70001,SUCRE,SINCELEJO,12,Femenino,12–17,Cabecera municipal,6
73001,TOLIMA,IBAGUE,1,Femenino,18–25,Cabecera municipal,8
73001,TOLIMA,IBAGUE,1,Femenino,26–35,Cabecera municipal,5
73001,TOLIMA,IBAGUE,1,Masculino,60+,Cabecera municipal,5
73001,TOLIMA,IBAGUE,2,Femenino,12–17,Cabecera municipal,14
73001,TOLIMA,IBAGUE,2,Femenino,26–35,Cabecera municipal,7
73001,TOLIMA,IBAGUE,2,Femenino,36–45,Cabecera municipal,6
73001,TOLIMA,IBAGUE,2,Femenino,46–59,Cabecera municipal,7
73001,TOLIMA,IBAGUE,3,Femenino,12–17,Cabecera municipal,5
73001,TOLIMA,IBAGUE,3,Femenino,18–25,Cabecera municipal,15
73001,TOLIMA,IBAGUE,3,Femenino,26–35,Cabecera municipal,6
73001,TOLIMA,IBAGUE,3,Masculino,12–17,Cabecera municipal,5
73001,TOLIMA,IBAGUE,3,Masculino,18–25,Cabecera municipal,6
73001,TOLIMA,IBAGUE,3,Masculino,36–45,Cabecera municipal,6
73001,TOLIMA,IBAGUE,4,Femenino,12–17,Cabecera municipal,8
73001,TOLIMA,IBAGUE,4,Femenino,18–25,Cabecera municipal,13
73001,TOLIMA,IBAGUE,4,Masculino,18–25,Cabecera municipal,9
73001,TOLIMA,IBAGUE,5,Femenino,12–17,Cabecera municipal,9
73001,TOLIMA,IBAGUE,5,Femenino,18–25,Cabecera municipal,10
73001,TOLIMA,IBAGUE,5,Femenino,26–35,Cabecera municipal,6
73001,TOLIMA,IBAGUE,5,Masculino,18–25,Cabecera municipal,9
73001,TOLIMA,IBAGUE,6,Femenino,18–25,Cabecera municipal,9
73001,TOLIMA,IBAGUE,6,Femenino,26–35,Cabecera municipal,6
73001,TOLIMA,IBAGUE,6,Masculino,18–25,Cabecera municipal,6
73001,TOLIMA,IBAGUE,6,Masculino,26–35,Cabecera municipal,6
73001,TOLIMA,IBAGUE,7,Femenino,12–17,Cabecera municipal,9
73001,TOLIMA,IBAGUE,7,Femenino,18–25,Cabecera municipal,10
73001,TOLIMA,IBAGUE,7,Femenino,26–35,Cabecera municipal,10
73001,TOLIMA,IBAGUE,7,Masculino,18–25,Cabecera municipal,10
73001,TOLIMA,IBAGUE,8,Femenino,12–17,Cabecera municipal,8
73001,TOLIMA,IBAGUE,8,Femenino,18–25,Cabecera municipal,7
73001,TOLIMA,IBAGUE,8,Masculino,18–25,Cabecera municipal,6
73001,TOLIMA,IBAGUE,9,Femenino,12–17,Cabecera municipal,11
73001,TOLIMA,IBAGUE,9,Femenino,18–25,Cabecera municipal,8
73001,TOLIMA,IBAGUE,9,Femenino,26–35,Cabecera municipal,6
73001,TOLIMA,IBAGUE,9,Masculino,18–25,Cabecera municipal,5
73001,TOLIMA,IBAGUE,10,Femenino,12–17,Cabecera municipal,8
73001,TOLIMA,IBAGUE,10,Femenino,18–25,Cabecera municipal,13
73001,TOLIMA,IBAGUE,10,Masculino,18–25,Cabecera municipal,6
73001,TOLIMA,IBAGUE,10,Masculino,26–35,Cabecera municipal,6
73001,TOLIMA,IBAGUE,11,Femenino,12–17,Cabecera municipal,11
73001,TOLIMA,IBAGUE,11,Femenino,18–25,Cabecera municipal,8
73001,TOLIMA,IBAGUE,11,Femenino,26–35,Cabecera municipal,7
73001,TOLIMA,IBAGUE,11,Masculino,18–25,Cabecera municipal,10
73001,TOLIMA,IBAGUE,12,Femenino,12–17,Cabecera municipal,7
73001,TOLIMA,IBAGUE,12,Femenino,26–35,Cabecera municipal,5
76001,VALLE,CALI,1,Femenino,12–17,Cabecera municipal,20
76001,VALLE,CALI,1,Femenino,18–25,Cabecera municipal,34
76001,VALLE,CALI,1,Femenino,26–35,Cabecera municipal,13
76001,VALLE,CALI,1,Femenino,36–45,Cabecera municipal,11
76001,VALLE,CALI,1,Femenino,46–59,Cabecera municipal,6
76001,VALLE,CALI,1,Masculino,12–17,Cabecera municipal,9
76001,VALLE,CALI,1,Masculino,18–25,Cabecera municipal,14
76001,VALLE,CALI,1,Masculino,26–35,Cabecera municipal,12
76001,VALLE,CALI,1,Masculino,36–45,Cabecera municipal,11
76001,VALLE,CALI,2,Femenino,12–17,Cabecera municipal,35
76001,VALLE,CALI,2,Femenino,18–25,Cabecera municipal,34
76001,VALLE,CALI,2,Femenino,26–35,Cabecera municipal,15
76001,VALLE,CALI,2,Femenino,36–45,Cabecera municipal,6
76001,VALLE,CALI,2,Femenino,46–59,Cabecera municipal,5
76001,VALLE,CALI,2,Masculino,12–17,Cabecera municipal,9
76001,VALLE,CALI,2,Masculino,18–25,Cabecera municipal,16
76001,VALLE,CALI,2,Masculino,26–35,Cabecera municipal,8
76001,VALLE,CALI,2,Masculino,60+,Cabecera municipal,5
76001,VALLE,CALI,3,Femenino,12–17,Cabecera municipal,27
76001,VALLE,CALI,3,Femenino,18–25,Cabecera municipal,17
76001,VALLE,CALI,3,Femenino,26–35,Cabecera municipal,14
76001,VALLE,CALI,3,Femenino,36–45,Cabecera municipal,6
76001,VALLE,CALI,3,Femenino,46–59,Cabecera municipal,5
76001,VALLE,CALI,3,Masculino,12–17,Cabecera municipal,5
76001,VALLE,CALI,3,Masculino,18–25,Cabecera municipal,11
76001,VALLE,CALI,3,Masculino,26–35,Cabecera municipal,11
76001,VALLE,CALI,3,Masculino,46–59,Cabecera municipal,5
76001,VALLE,CALI,4,Femenino,12–17,Cabecera municipal,40
76001,VALLE,CALI,4,Femenino,18–25,Cabecera municipal,30
76001,VALLE,CALI,4,Femenino,26–35,Cabecera municipal,9
76001,VALLE,CALI,4,Femenino,36–45,Cabecera municipal,12
76001,VALLE,CALI,4,Masculino,12–17,Cabecera municipal,7
76001,VALLE,CALI,4,Masculino,18–25,Cabecera municipal,18
76001,VALLE,CALI,4,Masculino,26–35,Cabecera municipal,16
76001,VALLE,CALI,4,Masculino,36–45,Cabecera municipal,8
76001,VALLE,CALI,4,Masculino,46–59,Cabecera municipal,5
76001,VALLE,CALI,5,Femenino,12–17,Cabecera municipal,39
76001,VALLE,CALI,5,Femenino,18–25,Cabecera municipal,49
76001,VALLE,CALI,5,Femenino,26–35,Cabecera municipal,23
76001,VALLE,CALI,5,Femenino,36–45,Cabecera municipal,15
76001,VALLE,CALI,5,Femenino,46–59,Cabecera municipal,5
76001,VALLE,CALI,5,Masculino,12–17,Cabecera municipal,13
76001,VALLE,CALI,5,Masculino,18–25,Cabecera municipal,21
76001,VALLE,CALI,5,Masculino,26–35,Cabecera municipal,16
76001,VALLE,CALI,5,Masculino,36–45,Cabecera municipal,8
76001,VALLE,CALI,5,Masculino,46–59,Cabecera municipal,6
76001,VALLE,CALI,6,Femenino,12–17,Cabecera municipal,29
76001,VALLE,CALI,6,Femenino,18–25,Cabecera municipal,29
76001,VALLE,CALI,6,Femenino,26–35,Cabecera municipal,10
76001,VALLE,CALI,6,Femenino,46–59,Cabecera municipal,5
76001,VALLE,CALI,6,Masculino,12–17,Cabecera municipal,7
76001,VALLE,CALI,6,Masculino,18–25,Cabecera municipal,10
76001,VALLE,CALI,6,Masculino,26–35,Cabecera municipal,14
76001,VALLE,CALI,6,Masculino,36–45,Cabecera municipal,6
76001,VALLE,CALI,7,Femenino,12–17,Cabecera municipal,27
76001,VALLE,CALI,7,Femenino,18–25,Cabecera municipal,23
76001,VALLE,CALI,7,Femenino,26–35,Cabecera municipal,12
76001,VALLE,CALI,7,Femenino,36–45,Cabecera municipal,9
76001,VALLE,CALI,7,Masculino,18–25,Cabecera municipal,10
76001,VALLE,CALI,7,Masculino,26–35,Cabecera municipal,13
76001,VALLE,CALI,7,Masculino,36–45,Cabecera municipal,6
76001,VALLE,CALI,7,Masculino,60+,Cabecera municipal,5
76001,VALLE,CALI,8,Femenino,12–17,Cabecera municipal,37
76001,VALLE,CALI,8,Femenino,18–25,Cabecera municipal,33
76001,VALLE,CALI,8,Femenino,26–35,Cabecera municipal,10
76001,VALLE,CALI,8,Femenino,36–45,Cabecera municipal,7
76001,VALLE,CALI,8,Masculino,12–17,Cabecera municipal,6
76001,VALLE,CALI,8,Masculino,18–25,Cabecera municipal,13
76001,VALLE,CALI,8,Masculino,26–35,Cabecera municipal,8
76001,VALLE,CALI,8,Masculino,60+,Cabecera municipal,5
76001,VALLE,CALI,9,Femenino,12–17,Cabecera municipal,24
76001,VALLE,CALI,9,Femenino,18–25,Cabecera municipal,39
76001,VALLE,CALI,9,Femenino,26–35,Cabecera municipal,29
76001,VALLE,CALI,9,Femenino,36–45,Cabecera municipal,8
76001,VALLE,CALI,9,Masculino,12–17,Cabecera municipal,9
76001,VALLE,CALI,9,Masculino,18–25,Cabecera municipal,20
76001,VALLE,CALI,9,Masculino,26–35,Cabecera municipal,17
76001,VALLE,CALI,9,Masculino,36–45,Cabecera municipal,6
76001,VALLE,CALI,9,Masculino,60+,Cabecera municipal,6
76001,VALLE,CALI,10,Femenino,12–17,Cabecera municipal,26
76001,VALLE,CALI,10,Femenino,18–25,Cabecera municipal,28
76001,VALLE,CALI,10,Femenino,26–35,Cabecera municipal,23
76001,VALLE,CALI,10,Femenino,36–45,Cabecera municipal,5
76001,VALLE,CALI,10,Femenino,46–59,Cabecera municipal,5
76001,VALLE,CALI,10,Masculino,12–17,Cabecera municipal,5
76001,VALLE,CALI,10,Masculino,18–25,Cabecera municipal,17
76001,VALLE,CALI,10,Masculino,26–35,Cabecera municipal,17
76001,VALLE,CALI,10,Masculino,36–45,Cabecera municipal,8
76001,VALLE,CALI,10,Masculino,60+,Cabecera municipal,5
76001,VALLE,CALI,11,Femenino,12–17,Cabecera municipal,26
76001,VALLE,CALI,11,Femenino,18–25,Cabecera municipal,19
76001,VALLE,CALI,11,Femenino,26–35,Cabecera municipal,23
76001,VALLE,CALI,11,Femenino,36–45,Cabecera municipal,6
76001,VALLE,CALI,11,Masculino,12–17,Cabecera municipal,8
76001,VALLE,CALI,11,Masculino,18–25,Cabecera municipal,13
76001,VALLE,CALI,11,Masculino,26–35,Cabecera municipal,11
76001,VALLE,CALI,11,Masculino,46–59,Cabecera municipal,6
76001,VALLE,CALI,12,Femenino,12–17,Cabecera municipal,17
76001,VALLE,CALI,12,Femenino,18–25,Cabecera municipal,30
76001,VALLE,CALI,12,Femenino,26–35,Cabecera municipal,10
76001,VALLE,CALI,12,Femenino,36–45,Cabecera municipal,7
76001,VALLE,CALI,12,Masculino,12–17,Cabecera municipal,13
76001,VALLE,CALI,12,Masculino,18–25,Cabecera municipal,15
76001,VALLE,CALI,12,Masculino,26–35,Cabecera municipal,14
76109,VALLE,BUENAVENTURA,4,Femenino,12–17,Cabecera municipal,5
76109,VALLE,BUENAVENTURA,5,Femenino,18–25,Cabecera municipal,5
76109,VALLE,BUENAVENTURA,10,Femenino,26–35,Cabecera municipal,5
76147,VALLE,CARTAGO,4,Femenino,18–25,Cabecera municipal,5
76147,VALLE,CARTAGO,4,Femenino,26–35,Cabecera municipal,5
76147,VALLE,CARTAGO,8,Femenino,12–17,Cabecera municipal,5
76147,VALLE,CARTAGO,8,Femenino,18–25,Cabecera municipal,6
76364,VALLE,JAMUNDI,5,Femenino,12–17,Cabecera municipal,5
76364,VALLE,JAMUNDI,8,Femenino,12–17,Cabecera municipal,6
76364,VALLE,JAMUNDI,9,Femenino,18–25,Cabecera municipal,5
76364,VALLE,JAMUNDI,9,Femenino,26–35,Cabecera municipal,5
76520,VALLE,PALMIRA,5,Femenino,12–17,Cabecera municipal,6
76520,VALLE,PALMIRA,7,Femenino,18–25,Cabecera municipal,5
76520,VALLE,PALMIRA,9,Femenino,12–17,Cabecera municipal,5
76520,VALLE,PALMIRA,10,Femenino,18–25,Cabecera municipal,10
76520,VALLE,PALMIRA,11,Femenino,12–17,Cabecera municipal,5
76834,VALLE,TULUA,7,Femenino,12–17,Cabecera municipal,5
76892,VALLE,YUMBO,9,Femenino,12–17,Cabecera municipal,5
76892,VALLE,YUMBO,11,Femenino,18–25,Cabecera municipal,5
85001,CASANARE,YOPAL,7,Femenino,12–17,Cabecera municipal,5
85001,CASANARE,YOPAL,8,Femenino,12–17,Cabecera municipal,5
85001,CASANARE,YOPAL,8,Femenino,18–25,Cabecera municipal,6
85001,CASANARE,YOPAL,9,Femenino,18–25,Cabecera municipal,6
97001,VAUPES,MITU,10,Femenino,12–17,Rural disperso,5
